quarter,colnum,dsr,dsr_g,f,f_g,cons,cons_g,y,y_g,fo,fo_g,vwretd,sprtrn,mkt_rf,smb,hml,rf,r11,r12,r13,r14,r15,r21,r22,r23,r24,r25,r31,r32,r33,r34,r35,r41,r42,r43,r44,r45,r51,r52,r53,r54,r55
1980Q1,1,0.1062197,1,0.1542861,1,93.275,1,20241,1,3123,0.995,-0.061552978,-0.054196779,-0.092219604,-0.06826748,0.013651807,0.029276552,-0.116,-0.113,-0.12,-0.102,-0.105,-0.149,-0.104,-0.142,-0.147,-0.109,-0.123,-0.126,-0.143,-0.117,-0.139,-0.074,-0.105,-0.102,-0.149,-0.115,-0.074,-0.038,-0.006,-0.028,-0.016
1980Q2,2,0.1070545,1.007859182,0.1560606,1.01150136,92.313,0.989686411,19892,0.982757769,3104,0.99406082,0.157590707,0.11901308,0.1278765,0.04883888,0.005412426,0.027028953,0.194,0.173,0.186,0.167,0.205,0.209,0.236,0.182,0.233,0.165,0.205,0.208,0.213,0.238,0.182,0.193,0.193,0.231,0.203,0.219,0.105,0.133,0.132,0.176,0.094
1980Q3,3,0.1046409,0.977454474,0.1534695,0.983396834,92.654,1.003693954,20074,1.009149407,3081,0.992394332,0.126915765,0.098214811,0.107809294,0.092686127,-0.131440244,0.019321924,0.333,0.262,0.215,0.178,0.18,0.296,0.241,0.186,0.119,0.125,0.278,0.18,0.154,0.093,0.06,0.23,0.169,0.123,0.034,0.056,0.17,0.133,0.081,0.04,0.053
1980Q4,4,0.1025113,0.979648493,0.1508563,0.982972512,93.474,1.008850131,20413,1.016887516,3079,0.999572477,0.08836858,0.082098009,0.057456792,-0.013638577,-0.085636673,0.032542605,0.171,0.059,0.064,0.016,0.003,0.15,0.07,0.035,0.084,0.032,0.102,0.061,0.061,0.031,0.034,0.117,0.122,0.029,0.021,0.003,0.113,0.125,0.176,0.017,0.044
1981Q1,5,0.1031109,1.005849111,0.1517307,1.005796245,93.827,1.003776451,20316,0.995248126,3083,1.001016828,0.019834643,0.001768989,-0.011087168,0.063673378,0.086756877,0.033567936,-0.01,0.091,0.119,0.136,0.135,0.022,0.096,0.112,0.136,0.156,0.053,0.084,0.104,0.11,0.121,0.031,0.057,0.13,0.094,0.132,-0.001,-0.027,-0.074,0.07,0.101
1981Q2,6,0.1045638,1.014090654,0.1538298,1.013834379,94.324,1.005296983,20266,0.997538886,3118,1.011339217,-0.008133511,-0.035221162,-0.043052915,0.056235461,0.070767569,0.036226927,0.005,0.095,0.096,0.105,0.096,0.004,0.053,0.058,0.039,0.084,-0.01,0.07,0.039,0.046,0.074,-0.018,-0.008,0.033,0.04,0.046,-0.055,-0.053,-0.017,0.055,-0.017
1981Q3,7,0.1035784,0.990576088,0.1525592,0.991740222,94.399,1.000795132,20624,1.017665055,3146,1.009259367,-0.119183273,-0.114549267,-0.150250314,-0.066387414,0.095986328,0.038073168,-0.28,-0.191,-0.167,-0.137,-0.13,-0.216,-0.174,-0.115,-0.096,-0.126,-0.179,-0.135,-0.138,-0.1,-0.074,-0.141,-0.146,-0.122,-0.112,-0.105,-0.106,-0.098,-0.135,-0.092,0.007
1981Q4,8,0.104227,1.006261923,0.1538618,1.008538325,94.636,1.00251062,20611,0.999369666,3171,1.007902609,0.077617383,0.05482867,0.044870581,0.023631584,-0.016379967,0.031828956,0.046,0.083,0.117,0.095,0.08,0.109,0.121,0.097,0.113,0.102,0.094,0.059,0.108,0.067,0.067,0.104,0.101,0.057,0.092,0.06,0.085,0.1,0.039,0.039,0.068
1982Q1,9,0.1050355,1.007757107,0.1550904,1.007985088,94.902,1.00281077,20592,0.999078162,3194,1.007055889,-0.085326565,-0.086413584,-0.106135165,-0.010144293,0.135256319,0.027242881,-0.124,-0.049,-0.059,-0.044,-0.011,-0.155,-0.072,-0.094,-0.022,0.016,-0.153,-0.061,-0.051,-0.056,0.048,-0.154,-0.118,-0.072,-0.016,0,-0.109,-0.105,-0.069,0.003,-0.006
1982Q2,10,0.1056408,1.005762814,0.1558416,1.004843627,95.102,1.002107437,20665,1.003545066,3220,1.008405864,-0.010408456,-0.02099052,-0.039141934,0.015993551,0.005133999,0.03183117,-0.014,0.013,0.024,0.029,0.025,-0.017,0.013,0.013,0.018,0.008,-0.014,0.028,0.006,0.015,0.017,-0.033,-0.027,-0.002,-0.017,0.026,-0.006,0.01,0.008,-0.023,-0.036
1982Q3,11,0.1046394,0.990520708,0.154986,0.99450981,95.736,1.006666526,20723,1.002806678,3212,0.997301079,0.114414935,0.098621266,0.089826048,-0.005098291,0.016765169,0.023372517,0.031,0.071,0.134,0.082,0.098,0.071,0.125,0.151,0.137,0.137,0.122,0.168,0.142,0.119,0.116,0.136,0.106,0.155,0.117,0.108,0.138,0.098,0.095,0.112,0.106
1982Q4,12,0.1041918,0.995722453,0.1548386,0.999048946,97.002,1.013223866,20765,1.002026734,3215,1.001073752,0.193813808,0.167912559,0.171384474,0.070806968,-0.055298928,0.019019159,0.316,0.283,0.29,0.274,0.263,0.282,0.256,0.238,0.193,0.224,0.28,0.24,0.193,0.199,0.256,0.25,0.231,0.203,0.19,0.243,0.224,0.157,0.13,0.151,0.141
1983Q1,13,0.1039225,0.997415344,0.154581,0.998336332,97.749,1.007700872,20900,1.006501324,3231,1.00482684,0.110549363,0.087599419,0.092804274,0.078936597,0.018500677,0.01952558,0.205,0.199,0.255,0.225,0.255,0.157,0.179,0.19,0.189,0.157,0.143,0.15,0.151,0.157,0.145,0.109,0.093,0.104,0.117,0.121,0.08,0.099,0.115,0.11,0.072
1983Q2,14,0.104172,1.002400828,0.1547753,1.001256946,98.939,1.012174038,21006,1.00507177,3251,1.006335091,0.129577908,0.099046608,0.105164818,0.076724403,-0.046465468,0.020843118,0.25,0.266,0.223,0.223,0.227,0.217,0.215,0.163,0.142,0.179,0.181,0.192,0.154,0.102,0.097,0.171,0.168,0.174,0.075,0.094,0.118,0.093,0.114,0.09,0.092
1983Q3,15,0.1042104,1.000368621,0.1545391,0.998473917,100.393,1.014695924,21270,1.012567838,3287,1.011022575,-0.012607394,-0.012134859,-0.036715068,-0.023489198,0.126000747,0.022770667,-0.145,-0.058,-0.027,-0.012,0.012,-0.112,-0.065,0.002,0.054,0.054,-0.081,-0.035,0.04,0.051,0.101,-0.037,-0.035,-0.019,0.046,0.046,-0.028,-0.045,-0.014,0.029,0.048
1983Q4,16,0.1047253,1.004940966,0.154899,1.00232886,101.519,1.011215921,21678,1.019181946,3358,1.021555479,-0.009793111,-0.00686398,-0.031101974,-0.019088664,0.061217858,0.022060168,-0.121,-0.038,-0.024,-0.013,0.021,-0.079,-0.037,0.005,0.033,0.019,-0.057,-0.016,0.016,0.022,0.039,-0.052,-0.005,-0.003,0.012,0.028,-0.014,0.009,0.002,0.006,0.005
1984Q1,17,0.1052199,1.004722832,0.1548861,0.99991672,101.88,1.003555985,22078,1.018451887,3420,1.01836707,-0.038888853,-0.034862958,-0.06059335,-0.02034374,0.117166333,0.022161664,-0.104,-0.065,-0.048,-0.016,0.005,-0.133,-0.061,-0.033,-0.019,0.019,-0.128,-0.101,-0.046,-0.032,0.002,-0.124,-0.083,-0.046,-0.021,-0.002,-0.076,-0.041,-0.028,0.008,0.061
1984Q2,18,0.1065104,1.01226479,0.1560401,1.007450636,103.473,1.015636042,22400,1.014584654,3495,1.022143956,-0.027723496,-0.037692512,-0.04756509,-0.014668825,-0.011552949,0.023582904,-0.09,-0.032,-0.036,-0.02,-0.033,-0.036,0.01,-0.025,-0.013,-0.041,0.002,0.002,-0.049,-0.036,-0.071,0.005,-0.002,-0.04,-0.059,-0.069,-0.005,0.016,-0.033,-0.036,0.014
1984Q3,19,0.1075671,1.009921097,0.1574692,1.009158543,104.13,1.006349482,22652,1.01125,3567,1.020511577,0.090184497,0.084345034,0.064002614,-0.022400723,0.038189302,0.025310545,0.007,0.044,0.042,0.065,0.089,0.037,0.046,0.105,0.068,0.097,0.067,0.114,0.098,0.107,0.12,0.072,0.058,0.103,0.079,0.139,0.08,0.067,0.098,0.102,0.134
1984Q4,20,0.109153,1.014743356,0.1598317,1.015002934,105.112,1.00943052,22784,1.0058273,3642,1.020917661,0.012643294,0.006863469,-0.00792784,-0.023919275,0.043930369,0.023884187,-0.088,-0.046,-0.024,-0.026,-0.015,-0.068,-0.016,0.01,0.035,0.05,-0.016,0.035,0.04,0.012,0.056,-0.008,0.015,0.019,0.037,0.073,0.009,0.043,0.025,0.019,0.01
1985Q1,21,0.1125398,1.031028007,0.1641786,1.027196733,106.337,1.011654235,22687,0.995742626,3725,1.022823572,0.102133495,0.080244444,0.083892952,0.028686267,-0.016766726,0.018614194,0.172,0.167,0.126,0.118,0.122,0.136,0.125,0.111,0.125,0.132,0.112,0.1,0.089,0.119,0.113,0.121,0.089,0.107,0.118,0.124,0.08,0.12,0.088,0.109,0.088
1985Q2,22,0.1134335,1.007941191,0.1652202,1.00634431,107.253,1.008614123,23075,1.017102305,3812,1.023555118,0.071471882,0.061939788,0.054029664,-0.015948342,0.033317242,0.019423681,0.009,0.026,0.048,0.045,0.045,0.015,0.052,0.052,0.118,0.074,0.076,0.058,0.073,0.103,0.093,0.075,0.04,0.086,0.091,0.086,0.046,0.08,0.09,0.071,0.103
1985Q3,23,0.1163049,1.02531351,0.16936,1.025056258,108.414,1.010824872,22938,0.994062839,3885,1.018970334,-0.044668887,-0.050926011,-0.062128907,0.008805459,0.01919806,0.017804505,-0.074,-0.039,-0.032,-0.023,-0.029,-0.065,-0.038,0.024,-0.036,-0.051,-0.081,-0.027,-0.018,-0.033,-0.008,-0.071,-0.04,-0.026,-0.086,-0.04,-0.049,-0.028,-0.041,-0.043,-0.057
1985Q4,24,0.117513,1.010387353,0.171035,1.009890175,109.369,1.008808825,23144,1.008980731,3958,1.018959726,0.164833742,0.160369604,0.150580032,-0.018270273,-0.035908494,0.019221808,0.101,0.139,0.15,0.128,0.104,0.193,0.163,0.183,0.177,0.099,0.184,0.171,0.131,0.12,0.154,0.19,0.176,0.162,0.168,0.171,0.219,0.172,0.186,0.133,0.163
1986Q1,25,0.1177287,1.001835542,0.1711278,1.000542579,110.299,1.008503324,23386,1.010456274,4002,1.011004526,0.141401299,0.130727302,0.130882706,0.000395153,-0.008527317,0.016995258,0.152,0.147,0.145,0.154,0.153,0.128,0.145,0.145,0.154,0.132,0.142,0.205,0.15,0.162,0.16,0.153,0.157,0.162,0.146,0.166,0.144,0.198,0.163,0.1,0.137
1986Q2,26,0.1184141,1.00582186,0.1722601,1.006616692,111.161,1.007815121,23647,1.011160523,4073,1.017851061,0.05739439,0.049979436,0.043129476,0.005586501,-0.016270973,0.015378132,0.072,0.04,0.053,0.053,0.07,0.063,0.048,0.081,0.069,0.033,0.098,0.058,0.092,0.072,0.042,0.099,0.047,0.04,0.056,0.007,0.078,0.075,0.026,0.042,0.057
1986Q3,27,0.1194053,1.008370625,0.1736466,1.008048875,111.755,1.005343601,23756,1.004609464,4125,1.01269544,-0.076690928,-0.077818712,-0.093051647,-0.052881789,0.119067353,0.014368128,-0.17,-0.142,-0.115,-0.086,-0.1,-0.173,-0.119,-0.096,-0.019,-0.083,-0.133,-0.122,-0.07,-0.04,-0.027,-0.136,-0.072,-0.075,-0.016,-0.016,-0.128,-0.108,-0.069,-0.012,0.009
1986Q4,28,0.1208309,1.011939169,0.175697,1.01180789,112.834,1.009655049,23741,0.999368581,4171,1.011169015,0.037033212,0.046904449,0.024220981,-0.044222557,-0.012728324,0.013459678,-0.058,0.008,-0.012,0.013,-0.011,0.034,0.024,-0.005,-0.028,0.022,0.031,0.008,-0.037,0.014,0.008,0.021,0.047,0.044,0.023,0.019,0.06,0.063,0.047,0.042,0.046
1987Q1,29,0.119483,0.988844741,0.1741907,0.991426718,113.684,1.00753319,23890,1.006276063,4161,0.997648974,0.210555638,0.204526517,0.193329149,0.020032006,-0.074673851,0.013258095,0.257,0.23,0.222,0.219,0.222,0.253,0.269,0.194,0.199,0.21,0.243,0.246,0.156,0.176,0.179,0.247,0.221,0.196,0.18,0.131,0.245,0.263,0.15,0.154,0.16
1987Q2,30,0.1208986,1.011847711,0.1763343,1.012306053,114.694,1.008884276,23608,0.988195898,4163,1.000356689,0.031176536,0.042167093,0.018587876,-0.043430055,0.008574919,0.01305616,-0.027,-0.024,0.005,0.02,0.061,-0.033,0.005,0.006,-0.005,-0.003,0.01,-0.001,0.003,0.036,0.002,0.029,0.012,0.015,0.014,0.029,0.053,0.036,0.038,0.052,0.053
1987Q3,31,0.1195965,0.989229817,0.174483,0.989501192,115.241,1.004769212,23978,1.015672653,4184,1.005009301,0.060538612,0.058651922,0.04721127,-0.008327108,0.000527625,0.013863567,-0.003,0.039,0.039,0.051,0.047,0.029,0.029,0.072,0.057,0.071,0.032,0.055,0.062,0.047,0.074,0.063,0.08,0.056,0.058,0.071,0.088,0.042,0.101,0.052,0.029
1987Q4,32,0.1182585,0.988812382,0.1727059,0.989815054,115.842,1.005215158,24239,1.010884978,4186,1.000589169,-0.230807725,-0.232265493,-0.243830616,-0.057606413,0.026591914,0.013458132,-0.381,-0.311,-0.283,-0.288,-0.291,-0.302,-0.285,-0.251,-0.243,-0.273,-0.263,-0.242,-0.218,-0.221,-0.242,-0.22,-0.258,-0.232,-0.189,-0.226,-0.233,-0.236,-0.226,-0.191,-0.2
1988Q1,33,0.1177474,0.995678112,0.1717782,0.994628441,117.261,1.012249443,24543,1.012541772,4216,1.007102843,0.080655611,0.047797942,0.066820436,0.089168506,0.042104552,0.011946399,0.167,0.231,0.184,0.187,0.202,0.13,0.229,0.188,0.159,0.206,0.134,0.131,0.129,0.155,0.139,0.079,0.154,0.11,0.115,0.179,0.021,0.027,0.061,0.066,0.109
1988Q2,34,0.1175859,0.99862842,0.1711436,0.996305701,118.239,1.008340369,24744,1.008189708,4235,1.004465154,0.063492828,0.056433297,0.050712312,0.003485358,0.028439228,0.014671105,0.037,0.052,0.079,0.055,0.08,0.049,0.129,0.088,0.057,0.102,0.049,0.061,0.069,0.08,0.082,0.068,0.07,0.073,0.055,0.107,0.035,0.082,0.068,0.082,0.077
1988Q3,35,0.1171373,0.996184917,0.1703012,0.995077818,119.475,1.010453404,24917,1.006991594,4243,1.002034998,0.000822824,-0.00581335,-0.013677396,-0.01388634,0.036768752,0.017298477,-0.038,-0.001,0.011,0.012,-0.004,-0.039,-0.037,0.005,0.03,0.024,-0.046,-0.021,-0.012,0.014,0.019,-0.027,-0.054,0.033,0.008,0.064,0.019,-0.012,0.001,0.026,0.017
1988Q4,36,0.1159006,0.989442304,0.168798,0.991173286,120.613,1.009525005,25095,1.007143717,4236,0.998253948,0.022030258,0.021367198,0.003062866,-0.027286787,0.013752803,0.018209329,-0.059,-0.026,-0.014,-0.01,-0.028,-0.019,0,0.023,0.017,0.001,-0.002,0.015,0.006,0.024,0.039,0,0.013,-0.012,0.014,0.006,0.025,0.065,0.014,0.024,0.051
1989Q1,37,0.1157907,0.999051774,0.1681163,0.995961445,121.286,1.00557983,25354,1.010320781,4262,1.006240545,0.071077422,0.061753231,0.053410402,0.013053818,0.019014544,0.018411495,0.054,0.093,0.1,0.087,0.108,0.064,0.103,0.084,0.063,0.125,0.071,0.075,0.072,0.087,0.079,0.041,0.073,0.081,0.073,0.132,0.077,0.043,0.079,0.075,0.067
1989Q2,38,0.117468,1.014485619,0.1699903,1.011147045,121.62,1.002753822,25222,0.994793721,4287,1.005882732,0.084137042,0.078373682,0.063694168,-0.016234664,-0.001772155,0.021856966,0.031,0.07,0.033,0.069,0.071,0.042,0.066,0.091,0.056,0.079,0.076,0.08,0.073,0.086,0.102,0.087,0.069,0.077,0.122,0.158,0.105,0.082,0.081,0.083,0.08
1989Q3,39,0.1180972,1.005356352,0.1707608,1.004532612,122.664,1.008584114,25325,1.004083736,4325,1.008634858,0.099341856,0.098025427,0.07917228,-0.03259504,-0.03403585,0.021045737,0.063,0.041,0.025,0.071,0.025,0.12,0.08,0.071,0.082,0.053,0.097,0.068,0.072,0.079,0.043,0.125,0.095,0.057,0.087,0.089,0.127,0.112,0.102,0.104,0.093
1989Q4,40,0.1176705,0.996386875,0.1703853,0.997801018,123.948,1.010467619,25459,1.005291214,4338,1.003080596,0.006088045,0.012172747,-0.015488635,-0.06781264,-0.018837428,0.019930776,-0.066,-0.062,-0.062,-0.053,-0.095,-0.033,-0.058,-0.036,-0.035,-0.082,-0.03,-0.033,-0.075,-0.027,-0.033,0.017,0.007,-0.06,-0.012,-0.013,0.027,-0.002,0.046,0.027,0.02
1990Q1,41,0.1166461,0.991294335,0.1692335,0.993240027,124.186,1.00192016,25614,1.00608822,4335,0.999287091,-0.033476871,-0.038086924,-0.051220716,0.012427935,-0.014576815,0.017905658,-0.023,-0.031,-0.016,0,-0.033,-0.02,-0.017,-0.001,-0.018,-0.054,-0.017,-0.032,-0.03,-0.046,-0.055,-0.018,-0.009,-0.047,-0.058,-0.069,-0.041,-0.003,-0.046,-0.054,-0.029
1990Q2,42,0.1162837,0.996893167,0.1691606,0.999569234,124.982,1.00640974,25688,1.002889045,4345,1.002457035,0.053694425,0.053186173,0.036350177,-0.016411764,-0.080617675,0.020133526,0.065,0.067,0.064,0.023,-0.004,0.064,0.056,0.024,0.024,-0.027,0.088,0.071,0.032,-0.029,0.003,0.08,0.022,0.014,0,0.014,0.158,0.073,0.009,-0.015,0.031
1990Q3,43,0.1160409,0.997912003,0.169188,1.000161976,125.573,1.004728681,25608,0.996885705,4333,0.997047177,-0.148871904,-0.14515891,-0.172422828,-0.100908184,0.023718238,0.019525549,-0.29,-0.263,-0.217,-0.2,-0.238,-0.273,-0.255,-0.234,-0.186,-0.217,-0.254,-0.21,-0.197,-0.201,-0.215,-0.168,-0.188,-0.224,-0.175,-0.18,-0.141,-0.155,-0.06,-0.166,-0.189
1990Q4,44,0.1161963,1.001339183,0.1698246,1.003762678,124.777,0.993661058,25314,0.988519213,4299,0.992238692,0.083477948,0.078974339,0.068740588,-0.044600403,-0.043448863,0.018613993,-0.029,-0.016,-0.019,-0.011,-0.061,0.095,0.055,0.068,0.068,0.008,0.128,0.08,0.071,0.081,0.058,0.126,0.088,0.077,0.117,0.085,0.116,0.1,0.062,0.093,0.062
1991Q1,45,0.116008,0.998379466,0.1699349,1.000649494,124.792,1.000120214,25291,0.999091412,4298,0.999740315,0.161291288,0.136273058,0.151909671,0.120866301,-0.035806752,0.01446907,0.357,0.308,0.348,0.298,0.343,0.331,0.239,0.246,0.225,0.319,0.288,0.242,0.175,0.231,0.191,0.233,0.18,0.221,0.168,0.149,0.188,0.148,0.077,0.144,0.136
1991Q2,46,0.1146288,0.988111165,0.1686108,0.992208193,125.78,1.007917174,25384,1.003677197,4280,0.995856738,-0.0017853,-0.010821431,-0.017556725,0.002383838,0.020522291,0.014267015,-0.039,0.011,0.017,-0.004,-0.002,-0.013,-0.014,0.03,0.021,-0.008,-0.04,0.012,0.042,0.046,-0.032,0.003,-0.017,0.041,0.025,0.015,-0.005,-0.011,-0.019,0.002,0.025
1991Q3,47,0.1135233,0.990355827,0.1675274,0.993574552,126.142,1.002878041,25386,1.00007879,4253,0.993652835,0.063072308,0.044993619,0.049624999,0.02305864,-0.030196536,0.014166344,0.111,0.11,0.058,0.047,0.041,0.092,0.081,0.091,0.083,0.034,0.117,0.082,0.059,0.078,0.096,0.071,0.047,0.041,0.084,0.093,0.086,0.024,0.067,0.063,-0.023
1991Q4,48,0.1114867,0.98206007,0.165262,0.986477436,125.967,0.998612675,25516,1.005120933,4217,0.991529121,0.084477436,0.075362474,0.075454067,-0.018336312,-0.062869955,0.011947222,0.118,0.044,0.023,0.049,0.033,0.084,0.029,0.058,0.012,0.025,0.137,0.072,0.04,0.076,0.088,0.134,0.041,0.072,0.082,0.077,0.154,0.04,0.044,0.06,0.05
1992Q1,49,0.1087307,0.975279562,0.1618678,0.979461703,127.941,1.015670771,25987,1.018459006,4206,0.997541593,-0.011831887,-0.032127554,-0.021695106,0.082774951,0.152141509,0.009630632,0.068,0.158,0.089,0.203,0.264,-0.006,0.054,0.062,0.118,0.151,-0.035,0.043,0.087,0.087,0.166,-0.063,0.042,0.011,0.019,0.089,-0.057,-0.042,-0.004,0.03,0.188
1992Q2,50,0.1069259,0.983401192,0.1598863,0.987758529,128.709,1.006002767,26171,1.007080463,4184,0.994752317,0.000272737,0.011023493,-0.009891278,-0.086569756,0.092054645,0.009228189,-0.196,-0.086,-0.095,-0.1,-0.055,-0.117,-0.084,-0.036,-0.045,0.027,-0.102,-0.063,-0.013,-0.004,0.062,-0.038,-0.027,0.017,0.047,0.028,-0.02,0.06,0.032,0.027,0.131
1992Q3,51,0.1055446,0.987081708,0.1584842,0.991230643,129.779,1.008313327,26189,1.000687784,4151,0.991912396,0.030923431,0.023668512,0.025057473,7.41E-05,-0.017712026,0.008322901,-0.034,-0.004,0.018,0.026,0.006,0.003,0.021,0.066,0.064,0.016,0.042,0.056,0.036,0.039,0.024,0.042,0.05,0.031,0.039,-0.021,0.051,0.037,0.052,-0.005,-0.089
1992Q4,52,0.1048055,0.992997273,0.1579076,0.996361782,131.149,1.010556407,26188,0.999961816,4135,0.996323737,0.070305754,0.042867552,0.068015655,0.075510631,-0.011279979,0.007418185,0.15,0.164,0.161,0.152,0.148,0.165,0.153,0.129,0.124,0.148,0.2,0.169,0.106,0.119,0.105,0.135,0.081,0.095,0.092,0.14,0.051,0.099,0.019,0.01,0.115
1993Q1,53,0.104251,0.994709247,0.1568215,0.993121927,131.458,1.002356099,26257,1.002634795,4118,0.995738599,0.043684231,0.03663001,0.033856168,-0.012240252,0.140854709,0.007016323,-0.046,0.021,0.054,0.079,0.144,-0.077,0.009,0.082,0.098,0.141,-0.055,0.071,0.097,0.068,0.147,-0.015,0.087,0.087,0.095,0.092,-0.047,0.069,0.095,0.092,0.154
1993Q2,54,0.1037388,0.995086858,0.1562288,0.996220544,132.305,1.006443123,26224,0.998743192,4097,0.994968486,0.008904958,-0.002524872,0.000513607,0.009527066,0.016872673,0.007116793,-0.004,0.003,0.007,0,0.054,0.031,0.02,0.023,-0.006,0.021,0.023,0.041,0.02,0.028,0.018,0.023,0.022,0.024,0.005,0.046,-0.054,0.031,0.029,0.019,0.055
1993Q3,55,0.1042758,1.005176462,0.1570317,1.005139257,133.714,1.010649635,26150,0.997178157,4106,1.002302913,0.039318391,0.018644712,0.032433112,0.044221302,0.023232082,0.007518756,0.047,0.07,0.077,0.087,0.101,0.073,0.102,0.086,0.108,0.079,0.079,0.059,0.059,0.072,0.028,0.038,0.07,0.063,0.049,0.048,-0.008,0.007,0.051,0.082,-0.002
1993Q4,56,0.1039468,0.996844906,0.1568134,0.998609835,134.622,1.006790613,26238,1.003365201,4114,1.001970357,0.019655696,0.0163855,0.011349913,0.01219256,-0.01246264,0.007016323,0.017,0.026,0.043,0.035,0.036,0.033,0.033,0.027,-0.019,0.007,0.033,0.022,0.031,0.001,0.06,0.052,0.029,0.009,-0.01,-0.026,0.057,0.012,-0.025,-0.026,0.123
1994Q1,57,0.104108,1.001550793,0.1572401,1.002721068,136.087,1.010882322,26351,1.004306731,4143,1.007039518,-0.039611973,-0.044334174,-0.04554778,0.018558567,0.019483675,0.007317684,-0.082,0.024,0.004,0,0.028,-0.063,-0.031,-0.031,-0.027,-0.028,-0.047,-0.011,-0.023,-0.038,-0.005,-0.039,-0.019,-0.023,-0.028,-0.041,-0.052,-0.022,-0.016,-0.066,-0.04
1994Q2,58,0.1046958,1.00564606,0.1578696,1.004003432,137.11,1.00751725,26552,1.007627794,4192,1.011661763,-0.009510512,-0.003364783,-0.018043535,-0.033678239,0.035539502,0.008926376,-0.123,-0.069,-0.063,-0.032,-0.015,-0.086,-0.045,-0.004,0.003,0.017,-0.08,-0.019,0.013,-0.013,-0.003,-0.056,-0.016,-0.004,-0.007,-0.044,0.001,-0.004,0.027,0.001,-0.003
1994Q3,59,0.1060344,1.012785613,0.1593985,1.009684575,138.172,1.007745606,26624,1.00271166,4244,1.012422497,0.05480319,0.04150573,0.044726968,0.023149849,-0.04229759,0.010234448,0.049,0.064,0.048,0.062,0.051,0.122,0.073,0.059,0.059,0.062,0.143,0.047,0.037,0.065,0.061,0.106,0.051,0.041,0.039,0.076,0.081,0.049,0.012,0.049,0.002
1994Q4,60,0.1072086,1.011073765,0.1602768,1.005510089,139.32,1.008308485,26912,1.010817308,4313,1.016387002,-0.010923446,-0.007434804,-0.019178216,-0.023076582,-0.021257734,0.011947122,-0.084,-0.02,-0.025,-0.014,-0.042,0.006,-0.015,-0.02,-0.024,-0.09,-0.011,-0.019,-0.015,-0.023,-0.016,-0.007,-0.022,-0.044,-0.041,-0.036,0.025,-0.026,0,0.001,-0.006
1995Q1,61,0.1090042,1.016748656,0.1621671,1.011793971,140.06,1.005311513,27096,1.006837099,4394,1.018711707,0.089507797,0.090230099,0.077951384,-0.03628165,-0.000254781,0.012854597,0.053,0.069,0.052,0.067,0.064,0.059,0.051,0.049,0.072,0.072,0.078,0.056,0.048,0.053,0.07,0.068,0.115,0.082,0.102,0.081,0.093,0.119,0.11,0.095,0.069
1995Q2,62,0.1110078,1.018380943,0.1644212,1.01389986,141.115,1.007532486,27081,0.999446413,4453,1.013338578,0.092947282,0.087955532,0.079291264,0.003281113,0.005939536,0.014569932,0.118,0.137,0.095,0.093,0.142,0.111,0.085,0.097,0.094,0.106,0.089,0.031,0.104,0.083,0.071,0.101,0.067,0.106,0.071,0.094,0.105,0.096,0.069,0.106,0.119
1995Q3,63,0.1120915,1.009762377,0.1656436,1.007434564,141.89,1.005491975,27235,1.005686644,4511,1.013163486,0.088664585,0.072804747,0.077841904,0.019863696,-0.012508917,0.013560801,0.155,0.142,0.115,0.119,0.115,0.123,0.098,0.083,0.107,0.085,0.117,0.066,0.09,0.101,0.086,0.125,0.101,0.08,0.08,0.082,0.076,0.097,0.071,0.124,0.097
1995Q4,64,0.112476,1.003430233,0.1660864,1.002673209,142.654,1.005384453,27308,1.002680375,4535,1.005360749,0.046567161,0.053935257,0.034243706,-0.043944675,0.016634453,0.013863447,-0.022,-0.012,-0.022,0.01,0,-0.004,0.003,0.025,0.039,0.024,0.053,0.015,0.029,0.029,0.064,0.006,-0.02,0.042,0.062,0.037,0.055,0.063,0.078,0.05,0.051
1996Q1,65,0.1126469,1.001519435,0.1659188,0.998990887,143.825,1.008208673,27501,1.007067526,4563,1.006051281,0.056330793,0.048009082,0.043764844,0.008125223,-0.006936739,0.012148815,0.079,0.069,0.077,0.063,0.073,0.076,0.042,0.04,0.049,0.054,0.059,0.064,0.04,0.092,0.03,0.083,0.04,0.067,0.042,0.01,0.053,0.052,0.063,0.073,0.049
1996Q2,66,0.1128903,1.002160734,0.1658643,0.999671526,145.183,1.00944203,27685,1.006690666,4592,1.006359994,0.044256945,0.038930524,0.032776738,0.042161768,-0.035771225,0.012854597,0.082,0.101,0.119,0.084,0.091,0.1,0.062,0.057,0.114,0.034,0.012,0.048,0.034,0.014,0.023,0.05,0.033,0.026,0.02,0.005,0.069,0.067,0.009,0.016,0.013
1996Q3,67,0.1133576,1.004139417,0.1663726,1.003064553,146.094,1.006274839,27816,1.004731804,4628,1.007810858,0.0287066,0.024872575,0.014758144,-0.021421619,-0.001360897,0.013056371,-0.084,-0.029,-0.007,0.035,0,-0.039,-0.012,-0.009,0.034,0.022,0.029,0.032,0.043,0.005,0.02,0.026,0.043,0.043,0.037,0.005,0.035,0.025,0.051,0.027,-0.017
1996Q4,68,0.1139351,1.005094497,0.166981,1.003656852,147.085,1.006783304,27871,1.001977279,4654,1.005641362,0.067907434,0.077738257,0.053419663,-0.047149508,0.060071516,0.012955479,-0.073,0.02,0.069,0.077,0.064,-0.017,0.011,0.106,0.091,0.075,-0.046,0.033,0.116,0.064,0.061,0.002,0.067,0.094,0.085,0.12,0.068,0.082,0.116,0.112,0.086
1997Q1,69,0.1134535,0.995773032,0.1665687,0.997530857,148.182,1.007458272,28077,1.007391195,4677,1.004903802,0.005076811,0.022113419,-0.007795711,-0.044165368,0.061344798,0.012753745,-0.093,-0.071,0.011,0.043,0.019,-0.143,-0.042,-0.009,0.004,0.009,-0.132,-0.017,-0.008,0.028,0.024,-0.082,0.013,0.009,0.007,0.012,0.028,0.013,0.036,0.024,0.007
1997Q2,70,0.1134937,1.00035433,0.16684,1.001628757,148.773,1.003988339,28236,1.005662998,4711,1.007300979,0.166287446,0.169089174,0.156054401,0.008695226,-0.046356869,0.012955188,0.1,0.137,0.147,0.144,0.124,0.166,0.177,0.17,0.17,0.158,0.189,0.18,0.171,0.142,0.164,0.148,0.145,0.145,0.139,0.105,0.197,0.176,0.152,0.148,0.095
1997Q3,71,0.1135772,1.000735724,0.1667885,0.999691321,150.871,1.014102021,28478,1.008570619,4750,1.008259295,0.098136937,0.070203664,0.083796606,0.074492601,0.010055299,0.012854668,0.206,0.212,0.208,0.19,0.205,0.171,0.167,0.164,0.173,0.145,0.15,0.195,0.149,0.141,0.119,0.12,0.143,0.142,0.104,0.108,0.05,0.104,0.099,0.087,0.108
1997Q4,72,0.1131271,0.996037057,0.1658491,0.994367717,152.215,1.008908273,28795,1.0111314,4776,1.005436422,0.012647515,0.02443858,0.003744412,-0.080611664,0.071438596,0.012955339,-0.148,-0.084,-0.054,-0.005,-0.004,-0.106,-0.075,-0.013,-0.009,0.003,-0.084,-0.057,0.008,0.033,0.04,-0.067,-0.029,0.031,0.034,0.026,0.037,0.042,0.008,0.064,0.068
1998Q1,73,0.1116688,0.98710919,0.1635929,0.986396067,153.658,1.009480012,29334,1.018718528,4799,1.004859949,0.133444414,0.135321369,0.122928149,-0.016167849,-0.017281118,0.012148815,0.123,0.112,0.097,0.102,0.109,0.141,0.136,0.105,0.088,0.089,0.136,0.083,0.121,0.089,0.158,0.12,0.132,0.108,0.095,0.123,0.17,0.112,0.109,0.16,0.147
1998Q2,74,0.1118712,1.001812503,0.1633626,0.998592237,155.592,1.012586393,29662,1.011181564,4846,1.00975806,0.016335093,0.029125876,0.007424643,-0.061106822,0.022167383,0.012451301,-0.05,-0.017,-0.029,-0.019,-0.01,-0.071,-0.05,-0.058,-0.01,0.009,-0.03,-0.083,-0.057,-0.032,-0.026,-0.05,-0.03,-0.03,-0.011,-0.023,0.066,0.002,0.026,0.058,0.054
1998Q3,75,0.1117252,0.998694928,0.1630508,0.998091362,157.09,1.009627744,29871,1.007046052,4870,1.005123966,-0.125021203,-0.103038784,-0.131103146,-0.105568368,-0.000101904,0.012955459,-0.284,-0.251,-0.217,-0.223,-0.213,-0.223,-0.218,-0.206,-0.209,-0.175,-0.214,-0.227,-0.197,-0.199,-0.18,-0.195,-0.199,-0.18,-0.126,-0.068,-0.061,-0.136,-0.167,-0.115,-0.061
1998Q4,76,0.1123396,1.005499207,0.163764,1.004374097,158.636,1.009841492,30024,1.005122025,4917,1.009518526,0.212974307,0.208669904,0.206666897,-0.023806809,-0.104907225,0.010133898,0.193,0.131,0.108,0.117,0.108,0.234,0.174,0.103,0.14,0.104,0.26,0.227,0.139,0.099,0.086,0.29,0.179,0.129,0.13,0.076,0.266,0.219,0.167,0.126,0.141
1999Q1,77,0.1129949,1.005833206,0.1644965,1.0044729,160.74,1.013263068,30216,1.006394884,4970,1.010896388,0.036796921,0.046483264,0.027022634,-0.084158178,-0.068430762,0.011342403,-0.032,-0.094,-0.027,-0.066,-0.038,-0.037,-0.089,-0.08,-0.129,-0.102,-0.015,-0.026,-0.056,-0.122,-0.088,-0.005,-0.033,-0.017,-0.067,-0.063,0.058,0.037,0.089,0.014,-0.002
1999Q2,78,0.1145098,1.0134068,0.1662873,1.010886554,162.284,1.009605574,30208,0.99973524,5023,1.010618911,0.079591592,0.067119239,0.066176001,0.106678864,0.006994516,0.01114103,0.176,0.203,0.229,0.205,0.223,0.209,0.209,0.145,0.202,0.2,0.12,0.173,0.164,0.143,0.173,0.18,0.201,0.151,0.139,0.146,0.026,0.12,0.104,0.076,0.037
1999Q3,79,0.1157728,1.011029624,0.167564,1.007677676,163.549,1.007794977,30314,1.003509004,5080,1.011213621,-0.062319347,-0.065563765,-0.074771746,0.040692109,-0.033629064,0.011644908,0.004,-0.004,-0.026,-0.032,-0.06,-0.062,-0.036,-0.046,-0.092,-0.078,-0.025,-0.067,-0.084,-0.086,-0.019,-0.024,-0.106,-0.083,-0.071,-0.069,-0.043,-0.11,-0.1,-0.129,-0.125
1999Q4,80,0.1156763,0.999166471,0.1669275,0.996201451,166.311,1.016887905,30667,1.011644785,5119,1.007802003,0.193496492,0.145426204,0.181759291,0.078340495,-0.19265694,0.011947102,0.485,0.393,0.208,0.136,0.123,0.346,0.189,0.145,0.006,0.043,0.351,0.113,-0.003,0.014,0.044,0.458,0.043,0.04,0.081,0.109,0.209,0.106,0.053,-0.025,0
2000Q1,81,0.1151895,0.995791705,0.1655713,0.991875515,166.822,1.003072557,31193,1.017151987,5165,1.008888151,0.043919734,0.019962297,0.026687512,0.063248864,-0.061285779,0.013157193,0.321,0.179,0.19,0.219,0.155,0.114,0.083,0.06,0.088,0.066,0.024,0.096,0.104,0.002,0.054,0.173,0.086,0.105,0.101,-0.034,0.045,-0.002,-0.005,-0.039,-0.011
2000Q2,82,0.1168289,1.0142322,0.1669351,1.008236935,169.494,1.016017072,31438,1.007854326,5248,1.016155957,-0.049447811,-0.029347538,-0.063860424,-0.005206609,0.019632356,0.013661492,-0.148,-0.024,-0.041,0.008,-0.103,-0.1,-0.055,-0.043,0.005,0,-0.011,-0.02,-0.028,0.007,0.058,-0.048,0.021,-0.071,0.031,-0.053,-0.025,-0.072,-0.043,-0.029,-0.027
2000Q3,83,0.1185891,1.015066478,0.1683988,1.008768078,170.839,1.007935384,31719,1.008938228,5341,1.017784677,0.001959071,-0.012436232,-0.013431763,-0.055427793,0.144573149,0.014974102,-0.104,0.042,0.029,0.074,0.052,-0.051,0,0.07,0.081,0.029,-0.124,0.069,0.109,0.147,0.124,-0.042,0.041,0.062,0.136,0.106,-0.024,0.084,0.153,0.201,0.116
2000Q4,84,0.1208849,1.019359283,0.1709387,1.015082649,172.43,1.009312862,31742,1.000725117,5426,1.015818703,-0.10646982,-0.08091171,-0.121510191,-0.052756284,0.247510122,0.015782203,-0.373,-0.197,-0.073,-0.069,-0.06,-0.254,-0.009,0.078,0.086,0.045,-0.261,0.011,0.093,0.157,0.122,-0.189,0.093,0.155,0.141,0.13,-0.138,0.019,-0.02,0.083,0.026
2001Q1,85,0.1219412,1.008738064,0.1719396,1.005855315,172.357,0.99957664,31939,1.006206288,5492,1.012097943,-0.12934979,-0.121148765,-0.139693356,0.063986307,0.141468736,0.013459246,-0.033,0.074,0.096,0.11,0.116,-0.068,0.049,0.009,0.013,0.085,-0.173,-0.066,-0.022,-0.051,0.072,-0.188,-0.038,-0.031,-0.027,-0.001,-0.169,-0.023,0.018,-0.021,0.008
2001Q2,86,0.124059,1.017367387,0.174514,1.0149727,172.973,1.003573977,31837,0.996806412,5556,1.011731295,0.075941166,0.055233279,0.066080549,0.099083485,-0.039157878,0.009932395,0.257,0.233,0.154,0.213,0.168,0.214,0.206,0.164,0.158,0.145,0.229,0.087,0.106,0.062,0.052,0.244,0.114,0.06,0.058,0.108,0.069,0.033,0.028,0.038,0.068
2001Q3,87,0.1233667,0.994419591,0.173182,0.992367375,173.526,1.003197031,32504,1.020950466,5629,1.013157934,-0.16071209,-0.149849446,-0.169205548,-0.084836315,0.110065751,0.008926406,-0.312,-0.246,-0.124,-0.111,-0.15,-0.345,-0.256,-0.191,-0.185,-0.216,-0.289,-0.207,-0.158,-0.13,-0.201,-0.262,-0.182,-0.126,-0.15,-0.182,-0.155,-0.132,-0.149,-0.124,-0.103
2001Q4,88,0.1263241,1.023972433,0.1771726,1.02304281,174.613,1.006264191,32020,0.985109525,5673,1.007809217,0.128595648,0.102926381,0.119594703,0.128025199,-0.060699289,0.005409596,0.313,0.258,0.185,0.172,0.195,0.335,0.24,0.195,0.22,0.255,0.309,0.222,0.171,0.192,0.31,0.25,0.173,0.164,0.176,0.146,0.117,0.084,0.089,0.058,0.04
2002Q1,89,0.12405,0.981997893,0.1739455,0.981785558,175.467,1.004890816,32728,1.022111181,5693,1.003493996,0.005688848,-0.000600804,0.003862222,0.0380031,0.08614884,0.004005332,-0.122,0.033,0.058,0.105,0.112,-0.081,0.007,0.083,0.102,0.138,-0.044,0.034,0.077,0.092,0.169,-0.018,0.077,0.086,0.062,0.091,-0.004,0.042,0.026,0.01,-0.079
2002Q2,90,0.1234422,0.995100363,0.1729025,0.994003869,176.011,1.003100298,32821,1.002841604,5675,0.996828434,-0.125678784,-0.13733797,-0.132489959,0.056020504,0.084703653,0.004205873,-0.224,-0.118,0.011,0.046,0.05,-0.195,-0.084,-0.026,-0.007,-0.05,-0.171,-0.092,-0.072,-0.055,-0.114,-0.153,-0.067,-0.088,-0.087,-0.058,-0.159,-0.077,-0.075,-0.086,-0.268
2002Q3,91,0.1238845,1.003583053,0.1732266,1.001874467,176.574,1.003198664,32696,0.996191463,5664,0.998058791,-0.166364366,-0.176316653,-0.172717869,-0.048144838,-0.00121407,0.004306163,-0.266,-0.249,-0.202,-0.173,-0.218,-0.228,-0.228,-0.187,-0.213,-0.279,-0.156,-0.173,-0.168,-0.19,-0.213,-0.189,-0.167,-0.209,-0.23,-0.266,-0.153,-0.192,-0.166,-0.138,-0.149
2002Q4,92,0.123728,0.998736727,0.1725756,0.996241917,178.319,1.009882542,32773,1.002355028,5656,0.998588094,0.079965957,0.079150138,0.076854696,-0.00326183,-0.043654179,0.003704542,0.108,0.129,0.074,0.076,0.082,0.119,0.048,0.059,0.049,0.019,0.081,0.076,0.072,0.067,0.038,0.091,0.068,0.101,0.077,0.152,0.078,0.095,0.067,0.056,0.069
2003Q1,93,0.1236663,0.999501325,0.1720574,0.996997258,179.267,1.005316315,32800,1.000823849,5643,0.997818633,-0.028493704,-0.035962193,-0.033596624,0.018543956,-0.038024319,0.002902801,-0.037,-0.031,-0.024,-0.003,-0.032,-0.034,-0.051,-0.038,-0.036,-0.087,-0.027,-0.046,-0.053,-0.071,-0.061,-0.027,-0.058,-0.02,-0.015,-0.144,-0.011,-0.062,-0.059,-0.05,-0.138
2003Q2,94,0.1227209,0.992355233,0.1703753,0.990223611,180.421,1.006437325,33201,1.01222561,5657,1.002329699,0.170296662,0.148930621,0.163970058,0.075424665,0.007099184,0.002902801,0.42,0.353,0.247,0.217,0.315,0.26,0.234,0.223,0.214,0.278,0.216,0.21,0.194,0.237,0.249,0.213,0.192,0.191,0.189,0.248,0.133,0.179,0.184,0.151,0.221
2003Q3,95,0.1212983,0.988407843,0.1681188,0.986755709,182.777,1.013058347,33662,1.013885124,5659,1.000456935,0.03909967,0.022032254,0.034461521,0.090281372,0.006111581,0.00220161,0.169,0.138,0.128,0.186,0.208,0.125,0.064,0.09,0.075,0.126,0.101,0.058,0.044,0.095,0.11,0.079,0.049,0.083,0.096,0.071,0.028,0.041,-0.008,-0.009,0
2003Q4,96,0.1219418,1.005305103,0.1687527,1.003770548,184.053,1.006981185,33716,1.001604183,5690,1.005380779,0.126946052,0.116419765,0.121243482,0.022592843,0.05969768,0.00220161,0.089,0.155,0.17,0.171,0.246,0.135,0.143,0.131,0.163,0.207,0.112,0.148,0.135,0.181,0.235,0.104,0.165,0.149,0.165,0.178,0.091,0.15,0.148,0.128,0.15
2004Q1,97,0.1216465,0.997578353,0.1682264,0.996881235,185.586,1.008329123,33896,1.005338712,5702,1.002203296,0.027774465,0.012851127,0.022128427,0.033354684,0.020562503,0.00220159,0.046,0.05,0.063,0.079,0.077,0.073,0.059,0.046,0.054,0.082,0.057,0.05,0.049,0.066,0.07,0.043,0.032,0.072,0.069,0.032,0.002,0.025,0.033,0.024,0.04
2004Q2,98,0.1210491,0.995089049,0.1674237,0.995228454,186.52,1.005032707,34156,1.007670522,5719,1.002862375,0.01084643,0.012989772,0.011659148,-0.004795867,-0.003270462,0.0022016,-0.05,-0.006,-0.004,-0.016,-0.013,-0.001,0.026,0.042,0.016,0.043,0.01,0.041,0.018,-0.027,0.006,0.003,0.007,0.018,0.012,0.048,0.029,0.007,-0.023,-0.007,0.038
2004Q3,99,0.1222308,1.009762154,0.1686862,1.007540748,188.008,1.007977697,34251,1.002781356,5778,1.010343078,-0.015227485,-0.023018843,-0.0244698,-0.025055388,0.063540698,0.003203411,-0.095,-0.049,-0.022,-0.034,-0.024,-0.069,-0.044,0.02,-0.017,0.016,-0.072,-0.039,0.012,0.021,-0.023,-0.051,-0.026,-0.011,-0.025,0.033,-0.051,0.006,0.021,0.013,0.02
2004Q4,100,0.1222622,1.000256891,0.1683226,0.997844518,189.788,1.009467682,34592,1.009955914,5823,1.007778972,0.104399623,0.087333009,0.096719198,0.047347256,0.007300069,0.004205813,0.185,0.163,0.147,0.117,0.182,0.158,0.156,0.124,0.14,0.19,0.138,0.159,0.107,0.109,0.147,0.135,0.15,0.151,0.142,0.108,0.079,0.098,0.083,0.089,0.131
2005Q1,101,0.1252466,1.024409834,0.1721414,1.022687387,191.52,1.009125972,34187,0.988292091,5885,1.010713856,-0.021345414,-0.025851811,-0.028739974,-0.035492753,0.0744354,0.005309285,-0.131,-0.072,-0.062,-0.039,-0.011,-0.072,-0.045,-0.02,0.018,-0.032,-0.047,-0.04,-0.022,-0.004,0.005,-0.024,-0.027,0.003,-0.003,0.019,-0.04,-0.01,0.014,-0.024,0.037
2005Q2,102,0.1252846,1.000303401,0.1721586,1.000099918,192.849,1.006939223,34383,1.005733173,5919,1.005833664,0.023482369,0.009096374,0.0152012,0.014431372,0.010892829,0.006815402,0.042,0.029,0.04,0.005,0.042,0.039,0.046,0.063,0.031,0.043,0.025,0.046,0.028,0.029,0.062,0.031,0.032,0.069,0.047,0.059,0.013,0.014,-0.001,0.033,0.03
2005Q3,103,0.1255501,1.002119175,0.1723337,1.001017085,193.917,1.005538012,34472,1.002588488,5941,1.003608207,0.048121099,0.031460522,0.031551717,0.012035591,0.021141143,0.008322881,0.065,0.078,0.072,0.059,0.057,0.043,0.057,0.069,0.06,0.056,0.011,0.071,0.073,0.045,0.037,0.046,0.064,0.045,0.116,0.064,0.024,0.025,0.042,0.029,0.099
2005Q4,104,0.1258091,1.002062921,0.172566,1.001347966,196.09,1.011205825,34669,1.005714783,5983,1.007070453,0.022130368,0.015852752,0.012632853,-0.00549352,-0.02020143,0.009026957,0.003,0.021,0.014,0.025,0.009,0.018,0.011,0.004,0.041,-0.027,0.043,0.021,0.045,0.012,-0.019,0.045,0.043,0.022,0.004,-0.001,0.025,0.017,0.041,0.039,-0.039
2006Q1,105,0.1256754,0.998937279,0.1719928,0.996678372,197.551,1.00745066,35383,1.020594768,6086,1.017204732,0.058110597,0.037283469,0.042307508,0.086890525,0.001696209,0.010637474,0.153,0.173,0.126,0.129,0.165,0.113,0.128,0.166,0.154,0.105,0.107,0.123,0.123,0.05,0.079,0.101,0.075,0.079,0.038,0.065,0.021,0.038,0.047,0.065,0.05
2006Q2,106,0.126608,1.007420704,0.1733896,1.00812127,198.588,1.005249277,35357,0.999265184,6131,1.007380486,-0.018862333,-0.019021448,-0.032060298,-0.047687933,0.075138111,0.011947142,-0.114,-0.078,-0.042,-0.044,-0.023,-0.073,-0.045,-0.011,-0.038,-0.005,-0.083,-0.052,-0.044,-0.006,-0.009,-0.058,-0.048,-0.014,0.008,0.011,-0.033,-0.013,-0.001,0.016,0.054
2006Q3,107,0.1276143,1.007948155,0.1749352,1.008914029,199.542,1.004803916,35366,1.000254546,6187,1.009170845,0.04298983,0.051684417,0.030968747,-0.044127645,0.010712284,0.012350489,-0.027,-0.008,-0.005,0.013,0.019,-0.006,-0.001,0.006,0.033,-0.007,-0.008,-0.018,0.004,0.018,0.002,-0.005,0.014,-0.003,0.007,0.025,0.058,0.066,0.084,0.029,0.063
2006Q4,108,0.1284398,1.006468711,0.176347,1.008070417,201.957,1.012102715,35737,1.010490301,6302,1.018645379,0.073243162,0.061721641,0.059086915,0.015108969,0.036296013,0.012350489,0.088,0.106,0.095,0.096,0.126,0.053,0.088,0.083,0.085,0.09,0.09,0.088,0.069,0.102,0.104,0.067,0.101,0.068,0.074,0.104,0.037,0.082,0.066,0.091,0.095
2007Q1,109,0.1289558,1.004017446,0.177211,1.004899431,202.683,1.003594825,35892,1.004337242,6360,1.009257923,0.018150983,0.001805088,0.000885654,0.011774314,0.005505506,0.012552052,0.012,-0.007,0.007,0.001,0.052,0.017,0.035,-0.005,0.02,0.022,0.074,0.048,0.053,0.058,0.033,0.042,0.059,0.018,0.053,0.061,0.001,0.011,-0.021,0.024,0.02
2007Q2,110,0.1298847,1.007203243,0.178657,1.008159764,202.796,1.000557521,35882,0.999721386,6411,1.007878877,0.064364516,0.058056809,0.047489517,-0.013651243,-0.021763863,0.012552112,0.056,0.038,0.02,0.024,0.058,0.038,0.064,0.029,0.013,0.03,0.091,0.089,0.113,0.055,0.03,0.077,0.063,0.043,0.096,0.027,0.063,0.079,0.039,0.048,0.068
2007Q3,111,0.1308492,1.007425817,0.1799861,1.007439395,203.365,1.002805775,35882,1,6458,1.007439395,0.019515366,0.015565548,0.00284097,-0.052064977,-0.072400547,0.011443094,-0.029,-0.036,-0.042,-0.07,-0.119,0.002,-0.019,-0.021,-0.051,-0.103,0.011,0.009,-0.025,-0.049,-0.086,0.024,-0.033,-0.047,-0.069,-0.051,0.053,0.046,0.009,-0.019,0.001
2007Q4,112,0.1321155,1.009677552,0.18128,1.007188888,203.437,1.000354043,35821,0.998299983,6494,1.005476651,-0.029086591,-0.038244054,-0.039598226,-0.026535926,-0.031181672,0.009328729,-0.077,-0.073,-0.08,-0.095,-0.111,-0.026,-0.034,-0.054,-0.051,-0.073,-0.032,-0.069,-0.028,-0.04,-0.014,-0.024,-0.018,-0.09,-0.046,-0.087,-0.002,-0.013,-0.081,-0.008,-0.045
2008Q1,113,0.1308277,0.990252468,0.179675,0.991146293,203.278,0.999218431,36003,1.005080819,6469,0.996182127,-0.092025366,-0.099198877,-0.100974187,-0.004962174,0.033076497,0.005108515,-0.194,-0.121,-0.101,-0.075,-0.081,-0.143,-0.078,-0.075,-0.041,-0.065,-0.124,-0.075,-0.079,-0.081,-0.071,-0.089,-0.093,-0.099,-0.078,-0.118,-0.095,-0.076,-0.115,-0.114,-0.078
2008Q2,114,0.1270787,0.971343989,0.1748876,0.973355225,204.07,1.003896142,36679,1.018776213,6415,0.99163115,-0.008241464,-0.032281904,-0.024468853,0.026003402,-0.014553903,0.005309366,0.025,-0.03,-0.057,-0.066,-0.061,0.024,0.002,0.036,-0.036,-0.018,0.026,0.004,0.114,0.079,0.084,0.017,0.035,-0.028,0.043,-0.036,0.003,-0.063,-0.082,-0.056,0.014
2008Q3,115,0.1281372,1.008329484,0.1772164,1.013315981,202.598,0.992786789,35749,0.974644892,6335,0.987623245,-0.100627997,-0.088780003,-0.085609164,0.070170979,0.099000591,0.004306153,-0.073,-0.015,-0.001,0.065,0.019,-0.03,-0.002,0.013,0.034,0.136,-0.12,-0.069,-0.018,-0.07,0.04,-0.124,-0.142,-0.191,-0.106,-0.101,-0.094,-0.075,-0.089,-0.065,-0.083
2008Q4,116,0.1278091,0.997439463,0.1779989,1.004415506,200.937,0.991801499,35896,1.004112003,6389,1.008545665,-0.237066502,-0.225582226,-0.224087236,-0.021311744,-0.089282142,0.00110024,-0.308,-0.269,-0.245,-0.222,-0.344,-0.277,-0.265,-0.228,-0.261,-0.284,-0.269,-0.251,-0.226,-0.27,-0.179,-0.239,-0.248,-0.29,-0.285,-0.296,-0.212,-0.152,-0.21,-0.288,-0.224
2009Q1,117,0.1268543,0.992529483,0.1781117,1.000633712,200.441,0.997531565,35754,0.996044127,6368,0.996675332,-0.09781606,-0.116666629,-0.100071693,-0.006758017,-0.137667004,0.00030002,-0.093,-0.07,-0.144,-0.209,-0.205,-0.088,-0.07,-0.126,-0.201,-0.296,-0.044,-0.103,-0.093,-0.113,-0.176,-0.02,-0.07,-0.124,-0.132,-0.232,-0.014,-0.136,-0.132,-0.195,-0.152
2009Q2,118,0.1233701,0.972533844,0.1746228,0.98041173,199.37,0.994656782,35935,1.005062371,6275,0.985374938,0.180891566,0.152217423,0.164294019,0.053181622,0.033009324,0.00020001,0.361,0.291,0.26,0.219,0.28,0.278,0.229,0.198,0.136,0.243,0.209,0.196,0.17,0.171,0.155,0.169,0.183,0.232,0.195,0.27,0.152,0.109,0.172,0.17,0.232
2009Q3,119,0.1218856,0.987967101,0.1737164,0.994809383,199.791,1.002111652,35460,0.986781689,6160,0.981659684,0.16620519,0.14984953,0.158484047,0.04475988,0.142638599,0.00030003,0.169,0.155,0.202,0.209,0.389,0.16,0.151,0.239,0.216,0.358,0.146,0.151,0.216,0.289,0.383,0.177,0.194,0.176,0.251,0.399,0.112,0.174,0.147,0.204,0.242
2009Q4,120,0.1193568,0.979252676,0.1710065,0.984400437,200.397,1.00303317,35331,0.996362098,6042,0.980819284,0.056707367,0.054887452,0.056537109,-0.013292407,-0.03439741,1.00E-04,-0.061,0.012,0.021,0.018,0.021,0.045,0.046,0.039,0.017,0.03,0.048,0.069,0.023,0.084,0.041,0.065,0.064,0.063,0.053,0.025,0.083,0.069,0.043,0.038,-0.047
2010Q1,121,0.1170649,0.98079791,0.1685818,0.985821007,201.55,1.005753579,35293,0.998924457,5950,0.984760714,0.059764308,0.048722322,0.062310755,0.032386732,0.05444385,1.00E-04,0.064,0.051,0.086,0.091,0.173,0.073,0.079,0.102,0.117,0.124,0.095,0.08,0.088,0.117,0.138,0.092,0.098,0.075,0.067,0.155,0.037,0.049,0.068,0.063,0.117
2010Q2,122,0.1140721,0.974434694,0.1651557,0.979676928,202.629,1.00535351,35686,1.011135353,5894,0.990585976,-0.108319628,-0.118621906,-0.112715423,0.025718222,-0.035734532,0.00030003,-0.082,-0.068,-0.083,-0.079,-0.112,-0.078,-0.067,-0.107,-0.117,-0.16,-0.094,-0.074,-0.097,-0.129,-0.135,-0.056,-0.118,-0.114,-0.073,-0.145,-0.108,-0.132,-0.095,-0.136,-0.193
2010Q3,123,0.1120565,0.982330473,0.1632049,0.988188116,203.774,1.005650721,35791,1.00294233,5841,0.991095692,0.118227017,0.10719821,0.115439675,0.009353128,-0.043673682,0.00030003,0.074,0.086,0.101,0.069,0.063,0.156,0.136,0.105,0.112,0.08,0.152,0.144,0.099,0.118,0.126,0.149,0.128,0.123,0.137,0.101,0.138,0.086,0.122,0.117,0.034
2010Q4,124,0.1102907,0.984241878,0.1614545,0.989274832,205.709,1.009495814,35965,1.004861557,5807,0.994084248,0.113928283,0.102033248,0.116304037,0.056275358,0.005758758,0.00030003,0.192,0.178,0.211,0.169,0.176,0.155,0.172,0.143,0.153,0.194,0.156,0.189,0.151,0.146,0.147,0.128,0.148,0.176,0.132,0.083,0.091,0.129,0.107,0.097,0.112
2011Q1,125,0.1080397,0.979590301,0.159062,0.985181584,206.594,1.004302194,36342,1.010482413,5781,0.995508664,0.061614534,0.054221771,0.060244235,0.01839174,0.012336715,0.00030003,0.011,0.076,0.04,0.062,0.075,0.087,0.095,0.118,0.074,0.109,0.132,0.093,0.118,0.104,0.061,0.085,0.103,0.088,0.094,0.035,0.032,0.065,0.084,0.075,0.038
2011Q2,126,0.1070659,0.990986647,0.158445,0.996121009,207.028,1.002100739,36222,0.996698035,5739,0.992831853,-0.00531556,-0.003915447,-0.001847105,-0.011562632,-0.044734365,0,-0.035,-0.036,-0.042,-0.049,-0.047,0.017,-0.002,-0.01,-0.026,-0.054,0.028,-0.005,-0.009,-0.004,-0.02,0.014,-0.002,-0.033,-0.001,0.009,0.025,-0.01,-0.013,-0.016,-0.032
2011Q3,127,0.1058513,0.988655585,0.1574728,0.993864117,207.321,1.001415268,36340,1.003257689,5723,0.997101817,-0.156847429,-0.143278533,-0.151756005,-0.082379197,-0.036944907,1.00E-04,-0.263,-0.256,-0.217,-0.199,-0.208,-0.214,-0.228,-0.256,-0.214,-0.234,-0.211,-0.229,-0.233,-0.245,-0.196,-0.196,-0.209,-0.204,-0.226,-0.185,-0.097,-0.098,-0.174,-0.128,-0.225
2011Q4,128,0.1049038,0.991048764,0.1570745,0.997470674,207.458,1.000660811,36290,0.998624106,5700,0.99609826,0.111144634,0.111523411,0.118599028,0.027630853,0.004138571,0,0.112,0.163,0.118,0.155,0.107,0.165,0.142,0.197,0.177,0.152,0.109,0.186,0.163,0.178,0.141,0.113,0.155,0.177,0.152,0.116,0.08,0.125,0.169,0.134,0.083
2012Q1,129,0.1026932,0.97892736,0.1545684,0.984045151,208.292,1.004020091,36821,1.01463213,5691,0.998443827,0.123823396,0.119965693,0.131046688,0.005463748,-0.021889359,0,0.17,0.132,0.12,0.122,0.166,0.148,0.122,0.126,0.134,0.103,0.142,0.123,0.139,0.1,0.068,0.199,0.127,0.101,0.087,0.114,0.171,0.09,0.077,0.092,0.205
2012Q2,130,0.1016325,0.989671176,0.1531897,0.991080324,208.504,1.001017802,37042,1.00600201,5674,0.997028798,-0.036473218,-0.032879431,-0.033691943,0.000647046,0.004191911,1.00E-04,-0.064,-0.017,-0.032,-0.03,-0.002,0.006,-0.048,-0.051,-0.056,-0.027,-0.055,-0.038,-0.079,-0.025,-0.026,-0.073,-0.069,-0.055,-0.049,-0.044,-0.038,-0.019,-0.017,0.011,-0.07
2012Q3,131,0.1016024,0.999703835,0.1532573,1.000441283,208.8,1.001419637,36949,0.997489336,5663,0.997929511,0.064316289,0.05763631,0.06181877,-0.014375797,0.021795769,0.00020001,0.053,0.073,0.058,0.054,0.054,0.018,0.061,0.052,0.057,0.073,0.059,0.056,0.058,0.05,0.057,0.041,0.041,0.082,0.046,0.074,0.059,0.068,0.068,0.045,0.106
2012Q4,132,0.0986483,0.970924899,0.1492782,0.974036473,208.856,1.000268199,37842,1.024168448,5649,0.997577424,0.004435483,-0.010050484,0.00174546,0.012063279,0.063509931,0.00030003,-0.047,0.012,0.011,0.005,0.042,-0.039,0.018,0.04,0.018,0.065,0.025,0.066,0.039,0.065,0.054,0.041,0.037,0.044,0.045,0.051,-0.029,-0.005,-0.005,-0.009,0.088
2013Q1,133,0.1024183,1.038216573,0.1553004,1.040342126,210.284,1.006837247,36185,0.956212674,5620,0.994788326,0.100366489,0.100267724,0.112412067,0.009788624,0.015526154,0,0.142,0.12,0.112,0.109,0.122,0.143,0.128,0.111,0.138,0.118,0.098,0.127,0.138,0.146,0.153,0.121,0.135,0.145,0.145,0.195,0.092,0.092,0.127,0.132,0.113
2013Q2,134,0.1016994,0.992980747,0.1544979,0.994832595,210.857,1.002724886,36363,1.004919165,5618,0.999726341,0.018741165,0.023637191,0.031508358,0.007267136,0.012779164,0,0.076,0.03,0.053,0.065,0.051,0.062,0.026,0.037,0.031,0.08,0.017,0.055,0.021,-0.002,0.036,0.026,0.023,0.018,0.014,0.045,0.017,0.033,0.033,0.04,0.072
2013Q3,135,0.1012626,0.995704989,0.1539991,0.996771477,211.793,1.004439027,36486,1.003382559,5619,1.000143116,0.064049235,0.046859246,0.066619506,0.05045273,-0.033295426,0,0.128,0.154,0.111,0.105,0.116,0.14,0.108,0.119,0.085,0.095,0.127,0.112,0.081,0.076,0.097,0.119,0.083,0.081,0.109,0.061,0.085,0.051,0.034,0.031,0.036
2013Q4,136,0.101499,1.002334524,0.1545004,1.003255214,213.441,1.007781183,36461,0.999314806,5633,1.002567789,0.093637049,0.099200082,0.104492107,-0.006695804,0.007728823,0,0.101,0.102,0.118,0.11,0.098,0.093,0.063,0.091,0.092,0.115,0.082,0.104,0.107,0.115,0.122,0.07,0.095,0.072,0.088,0.101,0.109,0.1,0.129,0.087,0.107
2014Q1,137,0.1006169,0.991309274,0.1535388,0.993776068,213.913,1.002211384,36754,1.008035984,5643,1.001762036,0.019368083,0.012973358,0.016106752,-0.006782071,0.021306158,0,0.029,0.028,0.004,0.023,0.043,0.009,0.014,0.012,0.018,0.001,0.011,0,0.007,0.06,0.05,0.006,0.036,0.021,0.019,0.077,0.001,0.028,0.012,0.025,0.026
2014Q2,138,0.1004528,0.998369061,0.1533785,0.998955964,215.465,1.007255286,36958,1.005550416,5669,1.004500586,0.050464793,0.046940861,0.045247908,-0.031677102,0.006264409,0,-0.06,0.036,-0.023,-0.001,-0.003,-0.008,0.054,0.045,0.023,0.023,0.019,0.021,0.061,0.045,0.035,0.044,0.039,0.06,0.069,0.056,0.052,0.041,0.045,0.067,0.031
2014Q3,139,0.1003391,0.998868125,0.1533608,0.999884599,216.949,1.00688743,37125,1.004518643,5694,1.004402721,-0.006779461,0.006151743,0.00092265,-0.074279425,-0.023882029,0,-0.126,-0.078,-0.086,-0.067,-0.074,-0.046,-0.063,-0.061,-0.071,-0.104,-0.028,-0.077,-0.065,-0.073,-0.069,0.005,-0.031,-0.02,-0.044,-0.047,0.028,0.024,0.005,-0.021,0.024
2014Q4,140,0.1000885,0.997502469,0.1530532,0.997994272,218.95,1.009223366,37470,1.009292929,5735,1.007268563,0.039003202,0.043912867,0.050711794,0.047658614,-0.036388594,0,0.126,0.134,0.094,0.101,0.058,0.105,0.103,0.082,0.099,0.04,0.108,0.102,0.034,0.066,0.035,0.079,0.047,0.061,0.036,0.004,0.048,0.052,0.055,0.001,0.051
2015Q1,141,0.1004785,1.003896552,0.1536266,1.00374641,219.697,1.003411738,37767,1.007926341,5802,1.011685406,0.016553156,0.004366779,0.016776682,0.029822845,-0.058462805,0,0.009,-0.001,0.029,0.021,0.013,0.087,0.052,0.033,0.028,-0.016,0.09,0.063,0.084,0.012,0.012,0.077,0.058,0.073,0.033,0.004,0.032,0.016,-0.003,-0.013,-0.036
2015Q2,142,0.1002961,0.998184686,0.1532812,0.997751691,221.576,1.008552688,37947,1.004766066,5817,1.002507041,-0.000491465,-0.002311965,0.003980662,0.006713255,-0.008524411,0,0.042,0.04,-0.007,0.015,0.008,0.008,0.032,-0.004,0.007,-0.01,0.025,0.017,-0.005,0.007,-0.023,-0.005,0.019,-0.006,-0.021,-0.023,0.012,-0.012,0.003,0.008,0.021
2015Q3,143,0.1004187,1.001222381,0.1533785,1.000634781,223.291,1.007740008,38165,1.005744855,5854,1.006383283,-0.080718298,-0.069352013,-0.075220104,-0.063660911,-0.01022009,0,-0.186,-0.181,-0.149,-0.093,-0.158,-0.183,-0.122,-0.095,-0.092,-0.155,-0.116,-0.1,-0.125,-0.119,-0.144,-0.105,-0.086,-0.094,-0.054,-0.102,-0.042,-0.064,-0.077,-0.09,-0.088
2015Q4,144,0.1007308,1.003107987,0.1538087,1.002804826,224.234,1.004223189,38396,1.006052666,5906,1.008874469,0.052616805,0.064535627,0.060021312,-0.014145867,-0.035840605,0,0.06,0.06,0.042,0.023,0.003,0.089,0.045,0.057,0.031,0.032,0.03,0.037,0.031,0.007,0.008,0.042,0.049,0.04,-0.018,-0.007,0.074,0.078,0.066,0.045,0.049
