year,dsr,dsr_demean,mdsr,cdsr,f,f_demean,Rfree,Index,D12,div_g,E12,ep,SP500,dp,dy,de,cay_ll,cay_goyal,ERP,ERP5,ERP7,sp1,sp5,sp7,sp12,b/m,tbl,AAA,BAA,lty,ntis,infl,eqis,ltr,corpr,svar,csp,ik,CRSP_SPvw,CRSP_SPvwx,MKVGDP,y
1871,NaN,NaN,NaN,NaN,NaN,NaN,0.058857427,4.74,0.26,NaN,0.4,0.084,NaN,0.054852321,NaN,0.65,NaN,NaN,NaN,NaN,NaN,NaN,NaN,NaN,NaN,NaN,NaN,NaN,NaN,NaN,NaN,NaN,NaN,NaN,NaN,NaN,NaN,NaN,NaN,NaN,NaN,NaN
1872,NaN,NaN,NaN,NaN,NaN,NaN,0.074305532,5.07,0.3,1.153846154,0.43,0.085,0.132911392,0.059171598,0.063291139,0.697674419,NaN,NaN,0.05860586,-0.04249692,-0.030820342,0.132911392,0.017622238,0.023704018,0.080798035,NaN,NaN,NaN,NaN,NaN,NaN,NaN,NaN,NaN,NaN,NaN,NaN,NaN,NaN,NaN,NaN,NaN
1873,NaN,NaN,NaN,NaN,NaN,NaN,0.090108147,4.42,0.33,1.1,0.46,0.104,-0.063116371,0.074660633,0.065088757,0.717391304,NaN,NaN,-0.153224518,-0.070490424,0.024077656,-0.063116371,-0.016781269,0.073867814,0.058954295,NaN,NaN,NaN,NaN,NaN,NaN,NaN,NaN,NaN,NaN,NaN,NaN,NaN,NaN,NaN,NaN,NaN
1874,NaN,NaN,NaN,NaN,NaN,NaN,0.049638119,4.54,0.33,1,0.46,0.101,0.101809955,0.072687225,0.074660633,0.717391304,NaN,NaN,0.052171836,-0.024224748,0.074130882,0.101809955,0.01922662,0.117146924,0.085335344,NaN,NaN,NaN,NaN,NaN,NaN,NaN,NaN,NaN,NaN,NaN,NaN,NaN,NaN,NaN,NaN,NaN
1875,NaN,NaN,NaN,NaN,NaN,NaN,0.044697863,4.37,0.3,0.909090909,0.36,0.082,0.028634361,0.068649886,0.066079295,0.833333333,NaN,NaN,-0.016063502,0.053919255,0.072603302,0.028634361,0.095676223,0.114588946,0.087428105,NaN,NaN,NaN,NaN,NaN,NaN,NaN,NaN,NaN,NaN,NaN,NaN,NaN,NaN,NaN,NaN,NaN
1876,NaN,NaN,NaN,NaN,NaN,NaN,0.041846129,3.58,0.3,1,0.28,0.078,-0.112128146,0.083798883,0.068649886,1.071428571,NaN,NaN,-0.153974275,0.096561568,0.071818767,-0.112128146,0.137916831,0.11406381,0.083268858,NaN,NaN,NaN,NaN,NaN,NaN,NaN,NaN,NaN,NaN,NaN,NaN,NaN,NaN,NaN,NaN,NaN
1877,NaN,NaN,NaN,NaN,NaN,NaN,0.042255515,3.25,0.19,0.633333333,0.3,0.092,-0.039106145,0.058461538,0.053072626,0.633333333,NaN,NaN,-0.08136166,0.135652178,0.083034471,-0.039106145,0.177123282,0.125923603,0.094194148,NaN,NaN,NaN,NaN,NaN,NaN,NaN,NaN,NaN,NaN,NaN,NaN,NaN,NaN,NaN,NaN,NaN
1878,NaN,NaN,NaN,NaN,NaN,NaN,0.038819214,3.45,0.18,0.947368421,0.31,0.09,0.116923077,0.052173913,0.055384615,0.580645161,NaN,NaN,0.078103863,0.14761346,0.07013059,0.116923077,0.189936192,0.113051127,0.103938078,NaN,NaN,NaN,NaN,NaN,NaN,NaN,NaN,NaN,NaN,NaN,NaN,NaN,NaN,NaN,NaN,NaN
1879,NaN,NaN,NaN,NaN,NaN,NaN,0.041166122,4.92,0.2,1.111111111,0.38,0.077,0.484057971,0.040650407,0.057971014,0.526315789,NaN,NaN,0.442891849,0.11689982,0.090601951,0.484057971,0.160729659,0.132555862,0.086362408,NaN,NaN,NaN,NaN,NaN,NaN,NaN,NaN,NaN,NaN,NaN,NaN,NaN,NaN,NaN,NaN,NaN
1880,NaN,NaN,NaN,NaN,NaN,NaN,0.042689334,5.84,0.26,1.3,0.49,0.084,0.239837398,0.044520548,0.052845528,0.530612245,NaN,NaN,0.197148064,-0.006016317,0.039973752,0.239837398,0.038075368,0.081536591,0.064683664,NaN,NaN,NaN,NaN,NaN,NaN,NaN,NaN,NaN,NaN,NaN,NaN,NaN,NaN,NaN,NaN,NaN
1881,NaN,NaN,NaN,NaN,NaN,NaN,0.042425334,6.01,0.32,1.230769231,0.44,0.073,0.08390411,0.053244592,0.054794521,0.727272727,NaN,NaN,0.041478776,-0.001165252,0.001985136,0.08390411,0.040799132,0.044234592,0.049934429,NaN,NaN,NaN,NaN,NaN,NaN,NaN,NaN,NaN,NaN,NaN,NaN,NaN,NaN,NaN,NaN,NaN
1882,NaN,NaN,NaN,NaN,NaN,NaN,0.046513653,5.84,0.32,1,0.43,0.074,0.024958403,0.054794521,0.053244592,0.744186047,NaN,NaN,-0.02155525,0.008237885,-0.006885458,0.024958403,0.049402926,0.034959052,0.030087005,NaN,NaN,NaN,NaN,NaN,NaN,NaN,NaN,NaN,NaN,NaN,NaN,NaN,NaN,NaN,NaN,NaN
1883,NaN,NaN,NaN,NaN,NaN,NaN,0.046354752,5.34,0.33,1.03125,0.4,0.075,-0.029109589,0.061797753,0.056506849,0.825,NaN,NaN,-0.075464341,-0.001205515,0.001688396,-0.029109589,0.040155926,0.042510853,0.029896783,NaN,NaN,NaN,NaN,NaN,NaN,NaN,NaN,NaN,NaN,NaN,NaN,NaN,NaN,NaN,NaN,NaN
1884,NaN,NaN,NaN,NaN,NaN,NaN,0.042475348,4.34,0.31,0.939393939,0.31,0.071,-0.129213483,0.071428571,0.058052434,1,NaN,NaN,-0.171688831,0.009764277,-0.007570417,-0.129213483,0.04977291,0.033242943,0.03639235,NaN,NaN,NaN,NaN,NaN,NaN,NaN,NaN,NaN,NaN,NaN,NaN,NaN,NaN,NaN,NaN,NaN
1885,NaN,NaN,NaN,NaN,NaN,NaN,0.032052833,5.2,0.24,0.774193548,0.27,0.052,0.253456221,0.046153846,0.055299539,0.888888889,NaN,NaN,0.221403388,0.051794389,0.042634811,0.253456221,0.091179809,0.08368959,0.04870335,NaN,NaN,NaN,NaN,NaN,NaN,NaN,NaN,NaN,NaN,0.023738903,NaN,NaN,NaN,NaN,NaN,NaN
1886,NaN,NaN,NaN,NaN,NaN,NaN,0.03842862,5.64,0.22,0.916666667,0.33,0.059,0.126923077,0.039007092,0.042307692,0.666666667,NaN,NaN,0.088494457,-0.020541495,0.0153382,0.126923077,0.021691573,0.056459641,0.041602535,NaN,NaN,NaN,NaN,NaN,NaN,NaN,NaN,NaN,NaN,0.016458602,NaN,NaN,NaN,NaN,NaN,NaN
1887,NaN,NaN,NaN,NaN,NaN,NaN,0.04749565,5.27,0.25,1.136363636,0.36,0.068,-0.021276596,0.04743833,0.044326241,0.694444444,NaN,NaN,-0.068772246,-0.002290834,-0.027497227,-0.021276596,0.041089566,0.01628992,0.050323858,NaN,NaN,NaN,NaN,NaN,NaN,NaN,NaN,NaN,NaN,0.01829846,NaN,NaN,NaN,NaN,NaN,NaN
1888,NaN,NaN,NaN,NaN,NaN,NaN,0.039590717,5.14,0.23,0.92,0.26,0.051,0.018975332,0.044747082,0.043643264,0.884615385,NaN,NaN,-0.020615385,0.017529038,-0.017696879,0.018975332,0.057914201,0.022568824,0.06065148,NaN,NaN,NaN,NaN,NaN,NaN,NaN,NaN,NaN,NaN,0.012850602,NaN,NaN,NaN,NaN,NaN,NaN
1889,NaN,NaN,NaN,NaN,NaN,NaN,0.039359281,5.32,0.22,0.956521739,0.3,0.056,0.077821012,0.041353383,0.042801556,0.733333333,NaN,NaN,0.038461731,-0.020618592,-0.011852308,0.077821012,0.02326614,0.026834807,0.07498936,NaN,NaN,NaN,NaN,NaN,NaN,NaN,NaN,NaN,NaN,0.006874038,NaN,NaN,NaN,NaN,NaN,NaN
1890,NaN,NaN,NaN,NaN,NaN,NaN,0.046291072,4.6,0.22,1,0.29,0.063,-0.093984962,0.047826087,0.041353383,0.75862069,NaN,NaN,-0.140276034,-0.028344899,-0.021559171,-0.093984962,0.012237085,0.018363022,0.085486324,NaN,NaN,NaN,NaN,NaN,NaN,NaN,NaN,NaN,NaN,0.022621059,NaN,NaN,NaN,NaN,NaN,NaN
1891,NaN,NaN,NaN,NaN,NaN,NaN,0.044165278,5.41,0.22,1,0.34,0.063,0.223913043,0.040665434,0.047826087,0.647058824,NaN,NaN,0.179747765,0.00376963,0.018660073,0.223913043,0.040801519,0.055824652,0.097825741,NaN,NaN,NaN,NaN,NaN,NaN,NaN,NaN,NaN,NaN,0.016123532,NaN,NaN,NaN,NaN,NaN,NaN
1892,NaN,NaN,NaN,NaN,NaN,NaN,0.032519466,5.51,0.24,1.090909091,0.37,0.067,0.06284658,0.043557169,0.044362292,0.648648649,NaN,NaN,0.030327114,-0.038077186,0.021801719,0.06284658,-0.000277386,0.056919781,0.067468599,NaN,NaN,NaN,NaN,NaN,NaN,NaN,NaN,NaN,NaN,0.01088616,NaN,NaN,NaN,NaN,NaN,NaN
1893,NaN,NaN,NaN,NaN,NaN,NaN,0.057088564,4.41,0.25,1.041666667,0.26,0.059,-0.154264973,0.056689342,0.045372051,0.961538462,NaN,NaN,-0.211353537,-0.015890874,0.027434708,-0.154264973,0.020802588,0.062606679,0.087472378,NaN,NaN,NaN,NaN,NaN,NaN,NaN,NaN,NaN,NaN,0.05458439,NaN,NaN,NaN,NaN,NaN,NaN
1894,NaN,NaN,NaN,NaN,NaN,NaN,0.022845543,4.3,0.21,0.84,0.16,0.037,0.022675737,0.048837209,0.047619048,1.3125,NaN,NaN,-0.000169806,0.066727691,0.079919763,0.022675737,0.097971372,0.111934518,0.116691429,NaN,NaN,NaN,NaN,NaN,NaN,NaN,NaN,NaN,NaN,0.016738738,NaN,NaN,NaN,NaN,NaN,NaN
1895,NaN,NaN,NaN,NaN,NaN,NaN,0.028540597,4.32,0.19,0.904761905,0.25,0.058,0.048837209,0.043981481,0.044186047,0.76,NaN,NaN,0.020296612,0.08071326,0.10418794,0.048837209,0.113967198,0.137807208,0.120916389,NaN,NaN,NaN,NaN,NaN,NaN,NaN,NaN,NaN,NaN,0.028689706,NaN,NaN,NaN,NaN,NaN,NaN
1896,NaN,NaN,NaN,NaN,NaN,NaN,0.04800483,4.22,0.18,0.947368421,0.21,0.05,0.018518519,0.042654028,0.041666667,0.857142857,NaN,NaN,-0.029486311,0.107862307,0.103316149,0.018518519,0.142405736,0.138557329,0.09287982,NaN,NaN,NaN,NaN,NaN,NaN,NaN,NaN,NaN,NaN,0.046433235,NaN,NaN,NaN,NaN,NaN,NaN
1897,NaN,NaN,NaN,NaN,NaN,NaN,0.026987773,4.75,0.18,1,0.31,0.065,0.168246445,0.037894737,0.042654028,0.580645161,NaN,NaN,0.141258672,0.147701055,0.081054495,0.168246445,0.179458946,0.115858587,0.127612612,NaN,NaN,NaN,NaN,NaN,NaN,NaN,NaN,NaN,NaN,0.022751517,NaN,NaN,NaN,NaN,NaN,NaN
1898,NaN,NaN,NaN,NaN,NaN,NaN,0.02983966,5.65,0.2,1.111111111,0.35,0.062,0.231578947,0.03539823,0.042105263,0.571428571,NaN,NaN,0.201739287,0.122288137,0.099378656,0.231578947,0.156627267,0.135093657,0.129372805,NaN,NaN,NaN,NaN,NaN,NaN,NaN,NaN,NaN,NaN,0.032424408,NaN,NaN,NaN,NaN,NaN,NaN
1899,NaN,NaN,NaN,NaN,NaN,NaN,0.03289683,6.02,0.21,1.05,0.48,0.08,0.102654867,0.034883721,0.037168142,0.4375,NaN,NaN,0.069758037,0.044876701,0.09358988,0.102654867,0.082236944,0.130062898,0.10376388,NaN,NaN,NaN,NaN,NaN,NaN,NaN,NaN,NaN,NaN,0.027096542,NaN,NaN,NaN,NaN,NaN,NaN
1900,NaN,NaN,NaN,NaN,NaN,NaN,0.034988052,6.87,0.3,1.428571429,0.48,0.07,0.1910299,0.043668122,0.049833887,0.625,NaN,NaN,0.156041848,0.084830653,0.087413467,0.1910299,0.122284357,0.125880097,0.100089603,NaN,NaN,NaN,NaN,NaN,NaN,NaN,NaN,NaN,NaN,0.017160114,NaN,NaN,NaN,NaN,NaN,NaN
1901,NaN,NaN,NaN,NaN,NaN,NaN,0.034077139,7.95,0.32,1.066666667,0.5,0.063,0.203784571,0.040251572,0.04657933,0.64,NaN,NaN,0.169707432,0.085865855,0.016469017,0.203784571,0.123351104,0.057504165,0.091031037,NaN,NaN,NaN,NaN,NaN,NaN,NaN,NaN,NaN,NaN,0.037292987,NaN,NaN,NaN,NaN,NaN,NaN
1902,NaN,NaN,NaN,NaN,NaN,NaN,0.039893972,8.05,0.33,1.03125,0.63,0.078,0.05408805,0.040993789,0.041509434,0.523809524,NaN,NaN,0.014194078,0.057228998,0.049428874,0.05408805,0.097269242,0.090579516,0.06640862,NaN,NaN,NaN,NaN,NaN,NaN,NaN,NaN,NaN,NaN,0.013393028,NaN,NaN,NaN,NaN,NaN,NaN
1903,NaN,NaN,NaN,NaN,NaN,NaN,0.044945218,6.57,0.35,1.060606061,0.53,0.081,-0.140372671,0.053272451,0.043478261,0.660377358,NaN,NaN,-0.185317889,-0.013723678,0.069983319,-0.140372671,0.028931307,0.109905333,0.059102775,NaN,NaN,NaN,NaN,NaN,NaN,NaN,NaN,NaN,NaN,0.024745582,NaN,NaN,NaN,NaN,NaN,NaN
1904,NaN,NaN,NaN,NaN,NaN,NaN,0.033364138,8.25,0.31,0.885714286,0.49,0.059,0.302891933,0.037575758,0.04718417,0.632653061,NaN,NaN,0.269527795,0.103425185,0.079817565,0.302891933,0.144068246,0.119140264,0.099825441,NaN,NaN,NaN,NaN,NaN,NaN,NaN,NaN,NaN,NaN,0.01266884,NaN,NaN,NaN,NaN,NaN,NaN
1905,NaN,NaN,NaN,NaN,NaN,NaN,0.035145776,9.54,0.33,1.064516129,0.67,0.07,0.196363636,0.034591195,0.04,0.492537313,NaN,NaN,0.16121786,0.081134665,0.04514514,0.196363636,0.121363614,0.084236207,0.08232003,NaN,NaN,NaN,NaN,NaN,NaN,NaN,NaN,NaN,NaN,0.015637005,NaN,NaN,NaN,NaN,NaN,NaN
1906,NaN,NaN,NaN,NaN,NaN,NaN,0.046852117,9.84,0.4,1.212121212,0.76,0.077,0.073375262,0.040650407,0.041928721,0.526315789,NaN,NaN,0.026523145,0.02559546,0.028410104,0.073375262,0.066945255,0.067945275,0.046313537,NaN,NaN,NaN,NaN,NaN,NaN,NaN,NaN,NaN,NaN,0.017091924,NaN,NaN,NaN,NaN,NaN,NaN
1907,NaN,NaN,NaN,NaN,NaN,NaN,0.052967677,6.57,0.44,1.1,0.66,0.1,-0.287601626,0.066971081,0.044715447,0.666666667,NaN,NaN,-0.340569303,0.025654996,0.00495811,-0.287601626,0.06398291,0.044365318,0.060664618,NaN,NaN,NaN,NaN,NaN,NaN,NaN,NaN,NaN,NaN,0.047979057,NaN,NaN,NaN,NaN,NaN,NaN
1908,NaN,NaN,NaN,NaN,NaN,NaN,0.034885596,9.03,0.4,0.909090909,0.58,0.064,0.435312024,0.044296788,0.060882801,0.689655172,NaN,NaN,0.400426428,0.102583377,0.04328699,0.435312024,0.137968658,0.080653823,0.100981631,NaN,NaN,NaN,NaN,NaN,NaN,NaN,NaN,NaN,NaN,0.020052109,NaN,NaN,NaN,NaN,NaN,NaN
1909,NaN,NaN,NaN,NaN,NaN,NaN,0.031293578,10.3,0.44,1.1,0.76,0.074,0.189368771,0.042718447,0.048726467,0.578947368,NaN,NaN,0.158075193,-0.005030072,0.032055947,0.189368771,0.032569366,0.068223437,0.049757946,NaN,NaN,NaN,NaN,NaN,NaN,NaN,NaN,NaN,NaN,0.010034856,NaN,NaN,NaN,NaN,NaN,NaN
1910,NaN,NaN,NaN,NaN,NaN,NaN,0.040750009,9.05,0.47,1.068181818,0.73,0.081,-0.075728155,0.051933702,0.045631068,0.643835616,NaN,NaN,-0.116478164,-0.051098539,0.018982804,-0.075728155,-0.012020806,0.054431756,0.045724645,NaN,NaN,NaN,NaN,NaN,NaN,NaN,NaN,NaN,NaN,0.018907775,NaN,NaN,NaN,NaN,NaN,NaN
1911,NaN,NaN,NaN,NaN,NaN,NaN,0.031742712,9.11,0.47,1,0.59,0.065,0.058563536,0.051591658,0.051933702,0.796610169,NaN,NaN,0.026820824,0.036558921,-0.003509632,0.058563536,0.072784689,0.031576595,0.074607144,NaN,NaN,NaN,NaN,NaN,NaN,NaN,NaN,NaN,NaN,0.007783574,NaN,NaN,NaN,NaN,NaN,NaN
1912,NaN,NaN,NaN,NaN,NaN,NaN,0.038254509,9.38,0.48,1.021276596,0.7,0.075,0.082327113,0.051172708,0.052689352,0.685714286,NaN,NaN,0.044072604,0.044507394,0.020802862,0.082327113,0.079637382,0.058294409,0.07257423,NaN,NaN,NaN,NaN,NaN,NaN,NaN,NaN,NaN,NaN,0.006454296,NaN,NaN,NaN,NaN,NaN,NaN
1913,NaN,NaN,NaN,NaN,NaN,NaN,0.045956379,8.04,0.48,1,0.63,0.078,-0.091684435,0.059701493,0.051172708,0.761904762,NaN,NaN,-0.137640814,-0.01909217,0.036181496,-0.091684435,0.016029103,0.074562326,0.086766269,NaN,NaN,NaN,NaN,NaN,NaN,0.023652101,NaN,NaN,NaN,0.010675343,NaN,NaN,NaN,NaN,NaN,NaN
1914,NaN,NaN,NaN,NaN,NaN,NaN,0.038685054,7.35,0.42,0.875,0.52,0.071,-0.03358209,0.057142857,0.052238806,0.807692308,NaN,NaN,-0.072267144,0.047837648,0.02181987,-0.03358209,0.083483637,0.062035503,0.118192727,NaN,NaN,NaN,NaN,NaN,NaN,0.009636084,NaN,NaN,NaN,0.011600559,NaN,NaN,NaN,NaN,NaN,NaN
1915,NaN,NaN,NaN,NaN,NaN,NaN,0.026490187,9.48,0.43,1.023809524,0.88,0.093,0.34829932,0.04535865,0.058503401,0.488636364,NaN,NaN,0.321809133,0.092635686,0.046710771,0.34829932,0.129440561,0.086971396,0.132494713,NaN,NaN,NaN,NaN,NaN,NaN,0.019514295,NaN,NaN,NaN,0.019104943,NaN,NaN,NaN,NaN,NaN,NaN
1916,NaN,NaN,NaN,NaN,NaN,NaN,0.026263814,9.8,0.56,1.302325581,1.53,0.156,0.092827004,0.057142857,0.05907173,0.366013072,NaN,NaN,0.06656319,-0.01936058,0.0342183,0.092827004,0.023906258,0.075908898,0.133986201,NaN,NaN,NaN,NaN,NaN,NaN,0.115354583,NaN,NaN,NaN,0.017832474,NaN,NaN,NaN,NaN,NaN,NaN
1917,NaN,NaN,NaN,NaN,NaN,NaN,0.03821093,6.8,0.69,1.232142857,1.28,0.188,-0.235714286,0.101470588,0.070408163,0.5390625,NaN,NaN,-0.273925216,-0.012279385,0.024047639,-0.235714286,0.033534689,0.067529121,0.161830082,NaN,NaN,NaN,NaN,NaN,NaN,0.182506984,NaN,NaN,NaN,0.035561568,NaN,NaN,NaN,NaN,NaN,NaN
1918,NaN,NaN,NaN,NaN,NaN,NaN,0.048579958,7.9,0.57,0.826086957,0.99,0.125,0.245588235,0.072151899,0.083823529,0.575757576,NaN,NaN,0.197008277,0.089378025,0.09559861,0.245588235,0.134849913,0.137292816,0.174867874,NaN,NaN,NaN,NaN,NaN,NaN,0.202771442,NaN,NaN,NaN,0.015361258,NaN,NaN,NaN,NaN,NaN,NaN
1919,NaN,NaN,NaN,NaN,NaN,NaN,0.044479485,8.92,0.53,0.929824561,0.93,0.104,0.196202532,0.05941704,0.067088608,0.569892473,NaN,NaN,0.151723047,0.049050082,0.103216437,0.196202532,0.092565979,0.142984935,0.134472117,NaN,NaN,0.0573,0.0777,0.049,NaN,0.145753222,NaN,NaN,NaN,0.024540792,NaN,NaN,NaN,NaN,NaN,NaN
1920,NaN,NaN,NaN,NaN,NaN,NaN,0.0588,6.81,0.51,0.962264151,0.8,0.117,-0.179372197,0.074889868,0.057174888,0.6375,NaN,NaN,-0.238172197,0.064091789,0.09687625,-0.179372197,0.103851789,0.13467625,0.083354414,NaN,0.0588,0.0626,0.0856,0.054,NaN,0.021238322,NaN,NaN,NaN,0.0334078,NaN,NaN,NaN,NaN,NaN,NaN
1921,NaN,NaN,NaN,NaN,NaN,NaN,0.039,7.31,0.46,0.901960784,0.29,0.04,0.140969163,0.062927497,0.067547724,1.586206897,NaN,NaN,0.101969163,0.161792842,0.178686161,0.140969163,0.196812842,0.212614732,0.090810307,0.596534654,0.039,0.055,0.0761,0.0447,NaN,-0.107869955,NaN,NaN,NaN,0.01901912,NaN,NaN,NaN,NaN,NaN,NaN
1922,NaN,NaN,NaN,NaN,NaN,NaN,0.0365,8.78,0.51,1.108695652,0.69,0.079,0.270861833,0.05808656,0.069767442,0.739130435,NaN,NaN,0.234361833,0.162867356,0.21902679,0.270861833,0.196227356,0.253469647,0.123208983,0.472649486,0.0365,0.0508,0.0702,0.0432,NaN,-0.025483902,NaN,NaN,NaN,0.014713101,NaN,NaN,NaN,NaN,NaN,NaN
1923,NaN,NaN,NaN,NaN,NaN,NaN,0.0388,8.55,0.53,1.039215686,0.98,0.115,0.034168565,0.061988304,0.060364465,0.540816327,NaN,NaN,-0.004631435,0.182894426,0.169894988,0.034168565,0.215294426,0.203452131,0.099399539,0.540201005,0.0388,0.0509,0.0738,0.0435,NaN,0.025618854,NaN,NaN,NaN,0.015696907,NaN,NaN,NaN,NaN,NaN,NaN
1924,NaN,NaN,NaN,NaN,NaN,NaN,0.0257,10.16,0.55,1.037735849,0.93,0.092,0.252631579,0.054133858,0.064327485,0.591397849,NaN,NaN,0.226931579,0.260691427,0.134276502,0.252631579,0.293851427,0.164405073,0.13514865,0.45888308,0.0257,0.0495,0.0646,0.0396,NaN,-0.001993174,NaN,NaN,NaN,0.010721562,NaN,NaN,NaN,NaN,NaN,NaN
1925,NaN,NaN,NaN,NaN,NaN,NaN,0.0351,12.46,0.6,1.090909091,1.25,0.1,0.285433071,0.048154093,0.059055118,0.48,NaN,NaN,0.250333071,0.193392955,0.038813432,0.285433071,0.227472955,0.068713432,0.14183243,0.389378271,0.0351,0.0485,0.0615,0.038,NaN,0.038328326,NaN,NaN,NaN,0.013528506,NaN,NaN,NaN,NaN,NaN,NaN
1926,NaN,NaN,NaN,NaN,NaN,NaN,0.0307,13.49,0.69,1.15,1.24,0.092,0.138041734,0.051148999,0.055377207,0.556451613,NaN,NaN,0.107341734,0.092534173,-0.009848646,0.138041734,0.122554173,0.015094211,0.089767334,0.441475827,0.0307,0.0468,0.0568,0.0354,0.05088521,-0.015097384,NaN,0.07769524,0.073744405,0.016486225,NaN,NaN,0.122004602,0.066031023,NaN,NaN
1927,NaN,NaN,NaN,NaN,NaN,NaN,0.0317,17.66,0.77,1.115942029,1.11,0.063,0.366197183,0.043601359,0.057079318,0.693693694,NaN,NaN,0.334497183,-0.017196156,0.050081573,0.366197183,0.011503844,0.071053001,0.103303351,0.37468859,0.0317,0.0446,0.0532,0.0316,0.076474752,-0.021175602,0.265512354,0.089448628,0.074436369,0.009419065,NaN,NaN,0.358791645,0.294560247,NaN,NaN
1928,NaN,NaN,NaN,NaN,NaN,NaN,0.0426,24.35,0.85,1.103896104,1.38,0.057,0.426953567,0.034907598,0.04813137,0.615942029,NaN,NaN,0.384353567,-0.102155888,-0.000153951,0.426953567,-0.079715888,0.016617477,0.072156083,0.259666667,0.0426,0.0461,0.056,0.034,0.063068738,-0.009793164,0.497429287,0.000827246,0.028411562,0.019799325,NaN,NaN,0.388440408,0.333130679,NaN,NaN
1929,NaN,NaN,NaN,NaN,NaN,NaN,0.0303,21.45,0.97,1.141176471,1.61,0.075,-0.07926078,0.045221445,0.039835729,0.602484472,NaN,NaN,-0.10956078,-0.073655948,0.010889524,-0.07926078,-0.059155948,0.021789524,0.028303334,0.338457824,0.0303,0.0467,0.0595,0.034,0.163522172,0.001829714,0.72059294,0.034099467,0.032730041,0.124614012,NaN,NaN,-0.088346978,-0.121345415,NaN,NaN
1930,NaN,NaN,NaN,NaN,NaN,NaN,0.0148,15.34,0.98,1.010309278,0.97,0.063,-0.239160839,0.063885267,0.045687646,1.010309278,NaN,NaN,-0.253960839,-0.055174089,0.073917769,-0.239160839,-0.046274089,0.080660626,0.025614133,0.554745413,0.0148,0.0452,0.0671,0.033,0.113887289,-0.060665091,0.307847488,0.046429195,0.079750525,0.066648919,NaN,NaN,-0.263028518,-0.295860555,NaN,NaN
1931,NaN,NaN,NaN,NaN,NaN,NaN,0.0241,8.12,0.82,0.836734694,0.61,0.075,-0.417209909,0.100985222,0.05345502,1.344262295,NaN,NaN,-0.441309909,0.087949658,0.061562449,-0.417209909,0.094189658,0.066348163,0.061558779,1.170731707,0.0241,0.0532,0.1042,0.0407,-0.012944196,-0.095711494,0.144664698,-0.053157349,-0.01850982,0.15940274,NaN,NaN,-0.455253213,-0.489203534,NaN,NaN
1932,NaN,NaN,NaN,NaN,NaN,NaN,0.0004,6.89,0.5,0.609756098,0.41,0.06,-0.089901478,0.07256894,0.061576355,1.219512195,NaN,NaN,-0.090301478,0.242539026,0.167488712,-0.089901478,0.244199026,0.168874426,0.117735347,1.442084301,0.0004,0.0459,0.0842,0.0315,-0.005031571,-0.103577705,0.037267081,0.168452113,0.108202241,0.307451657,NaN,NaN,-0.088907379,-0.148370369,NaN,NaN
1933,NaN,NaN,NaN,NaN,NaN,NaN,0.0029,10.1,0.44,0.88,0.44,0.044,0.529753266,0.043564356,0.063860668,1,NaN,NaN,0.526853266,0.192509706,0.179250348,0.529753266,0.194309706,0.180636063,0.141293975,0.829026046,0.0029,0.045,0.0775,0.0336,0.006195828,0.004298585,0.401055409,-0.000693027,0.103760563,0.221816956,NaN,NaN,0.532511723,0.472273114,NaN,NaN
1934,NaN,NaN,NaN,NaN,NaN,NaN,0.0023,9.5,0.45,1.022727273,0.49,0.052,-0.014851485,0.047368421,0.044554455,0.918367347,NaN,NaN,-0.017151485,0.147173839,0.08977425,-0.014851485,0.148453839,0.09077425,0.126891845,0.773740869,0.0023,0.0381,0.0623,0.0293,0.020814719,0.02010409,0.071283096,0.100149979,0.138434461,0.06659176,NaN,NaN,-0.024841879,-0.06188622,NaN,NaN
1935,NaN,NaN,NaN,NaN,NaN,NaN,0.0015,13.43,0.47,1.044444444,0.76,0.057,0.463157895,0.034996277,0.049473684,0.618421053,NaN,NaN,0.461657895,0.149010132,0.075820006,0.463157895,0.149910132,0.076962863,0.121649054,0.559911191,0.0015,0.0344,0.053,0.0276,0.008688835,0.029605318,0.06619594,0.049960876,0.096148561,0.035506836,NaN,NaN,0.45633068,0.39969069,NaN,NaN
1936,NaN,NaN,NaN,NaN,NaN,NaN,0.0012,17.18,0.72,1.531914894,1.02,0.059,0.332836932,0.041909197,0.053611318,0.705882353,NaN,NaN,0.331636932,0.036782668,0.03677958,0.332836932,0.037422668,0.038251009,0.087627727,0.458588105,0.0012,0.031,0.0453,0.0255,0.025224722,0.011962564,0.120576671,0.074958063,0.067442837,0.031256437,NaN,NaN,0.334178354,0.279453312,NaN,NaN
1937,NaN,NaN,NaN,NaN,NaN,NaN,0.0011,10.55,0.8,1.111111111,1.13,0.107,-0.339348079,0.075829384,0.046565774,0.707964602,NaN,NaN,-0.340448079,-0.052510957,0.025561291,-0.339348079,-0.051450957,0.027404148,0.064412013,0.707488622,0.0011,0.0321,0.0573,0.0273,0.031777728,0.030851292,0.312371558,0.002326474,0.027467315,0.099632593,0.002833122,NaN,-0.359935285,-0.394225009,NaN,NaN
1938,NaN,NaN,NaN,NaN,NaN,NaN,0.0003,13.21,0.51,0.6375,0.64,0.048,0.300473934,0.038607116,0.048341232,0.796875,NaN,NaN,0.300173934,0.053253642,0.101197025,0.300473934,0.054853642,0.103425596,0.107493651,0.572039388,0.0003,0.0308,0.0527,0.0252,0.005721713,-0.027960921,0.044922789,0.055118173,0.061326554,0.11214283,0.004166964,NaN,0.29308403,0.242537273,NaN,NaN
1939,NaN,NaN,NaN,NaN,NaN,NaN,0.0004,12.49,0.62,1.215686275,0.9,0.072,-0.007570023,0.049639712,0.046934141,0.688888889,NaN,NaN,-0.007970023,0.043840636,0.10876185,-0.007570023,0.046140636,0.111490421,0.107911595,0.58070538,0.0004,0.0294,0.0492,0.0226,0.002550784,-0.004993176,0.085489834,0.059497143,0.03966276,0.066420314,0.006074034,NaN,-0.011042432,-0.056695143,NaN,NaN
1940,NaN,NaN,NaN,NaN,NaN,NaN,0.0002,10.58,0.67,1.080645161,1.05,0.099,-0.099279424,0.063327032,0.053642914,0.638095238,NaN,NaN,-0.099479424,0.083235052,0.098248285,-0.099279424,0.086215052,0.101462571,0.128018177,0.72904751,0.0002,0.0271,0.0445,0.0194,0.012589189,0.009512142,0.118711545,0.060922431,0.033940852,0.048049995,0.004261973,NaN,-0.097791805,-0.151699658,NaN,NaN
1941,NaN,NaN,NaN,NaN,NaN,NaN,0.0033,8.69,0.71,1.059701493,1.16,0.133,-0.111531191,0.081703107,0.06710775,0.612068966,NaN,NaN,-0.114831191,0.173756479,0.118945626,-0.111531191,0.177456479,0.123488483,0.151050963,0.889509733,0.0033,0.028,0.0438,0.0204,0.010342826,0.096548983,0.11420932,0.009318208,0.027314184,0.022472428,0.003446983,NaN,-0.113972166,-0.176767922,NaN,NaN
1942,NaN,NaN,NaN,NaN,NaN,NaN,0.0038,9.77,0.59,0.830985915,1.03,0.105,0.192174914,0.060388946,0.067894131,0.572815534,NaN,NaN,0.188374914,0.180409722,0.141442705,0.192174914,0.184209722,0.147171277,0.159372955,0.862646566,0.0038,0.0281,0.0428,0.0246,0.001812004,0.09243564,0.123800384,0.032178429,0.025981138,0.018050979,0.005100943,NaN,0.209608774,0.129990877,NaN,NaN
1943,NaN,NaN,NaN,NaN,NaN,NaN,0.0038,11.67,0.61,1.033898305,0.94,0.081,0.256908905,0.05227078,0.062436029,0.64893617,NaN,NaN,0.253108905,0.151815131,0.138336514,0.256908905,0.156755131,0.145093657,0.186049498,0.787401575,0.0038,0.0274,0.0382,0.0248,0.014422526,0.031335627,0.164305949,0.0208789,0.028325935,0.01608653,0.001962398,NaN,0.266658807,0.203312701,NaN,NaN
1944,NaN,NaN,NaN,NaN,NaN,NaN,0.0038,13.28,0.64,1.049180328,0.93,0.07,0.192802057,0.048192771,0.054841474,0.688172043,NaN,NaN,0.189002057,0.109723023,0.143905137,0.192802057,0.116223023,0.152033708,0.190441793,0.743763575,0.0038,0.027,0.0349,0.0246,0.019062447,0.021012204,0.164524422,0.028150892,0.047321891,0.008399503,0.003522317,NaN,0.211633507,0.151353138,NaN,NaN
1945,NaN,NaN,NaN,NaN,NaN,NaN,0.0038,17.36,0.66,1.03125,0.96,0.055,0.356927711,0.038018433,0.049698795,0.6875,NaN,-0.041337725,0.353127711,0.105248928,0.147820409,0.356927711,0.113188928,0.157877552,0.179743616,0.613239334,0.0038,0.0261,0.031,0.0199,0.025525278,0.022415866,0.211740042,0.107309039,0.040756743,0.015969244,0.004328006,NaN,0.366645234,0.309747175,NaN,NaN
1946,NaN,NaN,NaN,NaN,NaN,NaN,0.0038,15.3,0.71,1.075757576,1.06,0.069,-0.077764977,0.046405229,0.040898618,0.669811321,NaN,0.058284144,-0.081564977,0.093041238,0.119689881,-0.077764977,0.102901238,0.132189881,0.141268121,0.692437923,0.0038,0.0261,0.0317,0.0212,0.036076061,0.17870343,0.318482102,-0.000841924,0.017229556,0.046371092,0.001781041,NaN,-0.09279653,-0.128428177,NaN,NaN
1947,NaN,NaN,NaN,NaN,NaN,NaN,0.0095,15.3,0.84,1.183098592,1.61,0.105,0.054901961,0.054901961,0.054901961,0.52173913,NaN,0.074768467,0.045401961,0.152636026,0.12738955,0.054901961,0.165196026,0.141632407,0.183111543,0.725325679,0.0095,0.0286,0.0352,0.0243,0.025921595,0.089267308,0.239629866,-0.026274662,-0.023363835,0.01933852,0.004760925,0.034360054,0.049090889,-0.006499786,NaN,NaN
1948,NaN,NaN,NaN,NaN,NaN,NaN,0.0116,15.2,0.93,1.107142857,2.29,0.151,0.054248366,0.061184211,0.060784314,0.406113537,NaN,0.05664406,0.042648366,0.174798436,0.192445474,0.054248366,0.189638436,0.206974045,0.188362498,0.840947547,0.0116,0.0279,0.0353,0.0237,0.015014554,0.027338744,0.157140449,0.033850148,0.041358787,0.02209981,0.00163301,0.034829535,0.052581722,-0.008405079,NaN,NaN
1949,NaN,NaN,NaN,NaN,NaN,NaN,0.011,16.76,1.14,1.225806452,2.32,0.138,0.177631579,0.068019093,0.075,0.49137931,NaN,0.050287779,0.166631579,0.160735304,0.226955201,0.177631579,0.176455304,0.243455201,0.184078345,0.796429284,0.011,0.0258,0.0331,0.0209,0.027175585,-0.018295218,0.191869113,0.06439053,0.033087624,0.012305916,0.004252018,0.02893483,0.180574489,0.097705313,NaN,NaN
1950,NaN,NaN,NaN,NaN,NaN,NaN,0.0134,20.41,1.47,1.289473684,2.84,0.139,0.30548926,0.072023518,0.087708831,0.517605634,NaN,0.005194172,0.29208926,0.227567674,0.207768393,0.30548926,0.243387674,0.227282678,0.19144631,0.722538442,0.0134,0.0267,0.032,0.0224,0.031358256,0.05802626,0.227022781,0.00050483,0.021151812,0.021461309,0.005662515,0.03439039,0.329458209,0.230298829,NaN,NaN
1951,NaN,NaN,NaN,NaN,NaN,NaN,0.0173,23.77,1.41,0.959183673,2.44,0.103,0.233708966,0.059318469,0.069083782,0.577868852,NaN,0.006329679,0.216408966,0.225993113,0.14673018,0.233708966,0.244213113,0.168673037,0.158628052,0.721316347,0.0173,0.0301,0.0361,0.0269,0.036150788,0.059647718,0.264823666,-0.039421605,-0.02690309,0.01218224,0.004146893,0.032502956,0.234250517,0.160197552,NaN,NaN
1952,NaN,NaN,NaN,NaN,NaN,NaN,0.0209,26.57,1.41,1,2.4,0.09,0.177114009,0.053067369,0.059318469,0.5875,NaN,0.005199312,0.156214009,0.189176104,0.172479769,0.177114009,0.210356104,0.19590834,0.157905606,0.694073313,0.0209,0.0297,0.0351,0.0279,0.026534716,0.009066868,0.202497115,0.011693102,0.035209224,0.006590011,0.003445919,0.031850747,0.189422478,0.12279706,NaN,NaN
1953,NaN,NaN,NaN,NaN,NaN,NaN,0.016,24.81,1.45,1.028368794,2.51,0.101,-0.011667294,0.058444176,0.054572826,0.577689243,NaN,-0.007281053,-0.027667294,0.130897656,0.16059397,-0.011667294,0.153977656,0.187451113,0.156731371,0.759700961,0.016,0.0313,0.0374,0.0274,0.024822272,0.005990266,0.203978422,0.036258194,0.034114425,0.008279479,0.00279331,0.033095239,-0.017075142,-0.073017005,NaN,NaN
1954,NaN,NaN,NaN,NaN,NaN,NaN,0.0115,35.98,1.54,1.062068966,2.77,0.077,0.51229343,0.042801556,0.062071745,0.555956679,NaN,0.00932887,0.50079343,0.215762333,0.161737661,0.51229343,0.241182333,0.189523375,0.167929801,0.604119785,0.0115,0.029,0.0345,0.0272,0.026992813,-0.003721623,0.213197436,0.071776468,0.053858485,0.008389814,0.002845475,0.03164028,0.526483051,0.449936781,NaN,NaN
1955,NaN,NaN,NaN,NaN,NaN,NaN,0.0254,45.48,1.64,1.064935065,3.62,0.08,0.309616454,0.036059807,0.045580878,0.453038674,NaN,-0.008520491,0.284216454,0.130206331,0.124488192,0.309616454,0.162306331,0.154345335,0.116917069,0.50982801,0.0254,0.0315,0.0362,0.0295,0.02524455,0.003735525,0.275390625,-0.012834489,0.00479737,0.021620209,0.000243799,0.035788581,0.312982489,0.257907838,NaN,NaN
1956,NaN,NaN,NaN,NaN,NaN,NaN,0.0321,46.67,1.74,1.06097561,3.41,0.073,0.064423923,0.037283051,0.038258575,0.51026393,NaN,-0.01582627,0.032323923,0.069430748,0.067167293,0.064423923,0.100950748,0.097495865,0.110888303,0.544176827,0.0321,0.0375,0.0437,0.0345,0.026149367,0.028284332,0.268488893,-0.055942165,-0.068146268,0.013889924,0.000969841,0.034466359,0.064274332,0.02180892,NaN,NaN
1957,NaN,NaN,NaN,NaN,NaN,NaN,0.0304,39.99,1.79,1.028735632,3.37,0.084,-0.10477823,0.04476119,0.038354403,0.53115727,NaN,-0.008858412,-0.13517823,0.110975394,0.089669536,-0.10477823,0.141275394,0.120440964,0.114555267,0.653675779,0.0304,0.0381,0.0503,0.0323,0.034873147,0.030401737,0.227001009,0.074664669,0.087135458,0.017546851,0.000667927,0.033177064,-0.108147815,-0.1470137,NaN,NaN
1958,NaN,NaN,NaN,NaN,NaN,NaN,0.0277,55.21,1.75,0.977653631,2.89,0.052,0.424356089,0.031697156,0.04376094,0.605536332,NaN,0.004715267,0.396656089,0.114605072,0.126784025,0.424356089,0.144565072,0.158698311,0.116354377,0.51177932,0.0277,0.0408,0.0485,0.0382,0.023686832,0.017562346,0.164835165,-0.061062035,-0.022169912,0.008489224,0.001585812,0.029459016,0.437416855,0.382752522,NaN,NaN
1959,NaN,NaN,NaN,NaN,NaN,NaN,0.0449,59.89,1.83,1.045714286,3.39,0.057,0.117913421,0.030556019,0.033146169,0.539823009,NaN,0.004404115,0.073013421,0.073241778,0.081392278,0.117913421,0.104701778,0.115606564,0.083915187,0.457783797,0.0449,0.0458,0.0528,0.0447,0.022856304,0.015188126,0.262439725,-0.022663557,-0.009667896,0.008449291,0.000975372,0.03145906,0.124008285,0.0880547,NaN,11811
1960,NaN,NaN,NaN,NaN,NaN,NaN,0.0225,58.11,1.95,1.06557377,3.27,0.056,0.002838537,0.033557047,0.032559693,0.596330275,NaN,0.010102277,-0.019661463,0.083563733,0.049610454,0.002838537,0.113723733,0.084496168,0.085854307,0.550422965,0.0225,0.0435,0.051,0.038,0.022761361,0.013600816,0.204155998,0.137933943,0.090664916,0.010160586,-0.001362514,0.03128136,0.005900758,-0.028461076,NaN,11878
1961,NaN,NaN,NaN,NaN,NaN,NaN,0.026,71.55,2.02,1.035897436,3.19,0.045,0.266047152,0.028232006,0.034761659,0.63322884,NaN,0.006146085,0.240047152,0.103278798,0.079215128,0.266047152,0.137698798,0.117986556,0.101216743,0.505922258,0.026,0.0442,0.051,0.0415,0.022324288,0.006709158,0.284412033,0.009678427,0.048183189,0.006487873,-0.002210744,0.031807089,0.271070196,0.233555473,NaN,12096
1962,NaN,NaN,NaN,NaN,NaN,NaN,0.0287,63.1,2.13,1.054455446,3.67,0.058,-0.088329839,0.033755943,0.029769392,0.580381471,NaN,0.005169519,-0.117029839,0.025377497,0.051898033,-0.088329839,0.064517497,0.095469462,0.066960873,0.591627051,0.0287,0.0424,0.0492,0.0395,0.019967897,0.012329224,0.162167212,0.068829489,0.079450363,0.028545104,-0.002796575,0.032714829,-0.087481619,-0.118394066,NaN,12482
1963,NaN,NaN,NaN,NaN,NaN,NaN,0.0352,75.02,2.28,1.070422535,4.02,0.054,0.22503962,0.030391895,0.036133122,0.567164179,NaN,0.004638082,0.18983962,0.086297716,0.045561023,0.22503962,0.129637716,0.09620388,0.052631961,0.525591454,0.0352,0.0435,0.0485,0.0417,0.008954678,0.016458196,0.111474338,0.012143645,0.021948748,0.007412608,-0.001496869,0.034728644,0.226863256,0.187766724,NaN,12765
1964,NaN,NaN,NaN,NaN,NaN,NaN,0.0384,84.75,2.5,1.096491228,4.55,0.054,0.163023194,0.029498525,0.033324447,0.549450549,NaN,-0.006613566,0.124623194,0.05809529,0.016496194,0.163023194,0.10631529,0.069067622,0.064642467,0.4872273,0.0384,0.0444,0.0481,0.0423,0.023094426,0.011981865,0.221465931,0.035117029,0.047723132,0.00279461,-0.002380573,0.036936439,0.166792769,0.131851668,NaN,13484
1965,NaN,NaN,NaN,NaN,NaN,NaN,0.0438,92.43,2.72,1.088,5.19,0.056,0.122713864,0.029427675,0.032094395,0.524084778,NaN,-0.012228877,0.078913864,0.00089287,0.013133288,0.122713864,0.05707287,0.065947574,0.070756355,0.430637806,0.0438,0.0468,0.0502,0.045,0.020837183,0.0192,0.142071036,0.00701937,-0.004567939,0.00458919,-0.000812888,0.041832675,0.126104467,0.092224792,NaN,14143
1966,NaN,NaN,NaN,NaN,NaN,NaN,0.0496,80.33,2.87,1.055147059,5.55,0.069,-0.099859353,0.035727624,0.031050525,0.517117117,NaN,-0.011746508,-0.149459353,-0.01761274,0.021358133,-0.099859353,0.03954726,0.075158133,0.05456674,0.576945106,0.0496,0.0539,0.0618,0.0455,0.017207926,0.033594976,0.139047198,0.036450083,0.00195292,0.013935369,-4.99E-05,0.041753209,-0.101955821,-0.132075553,NaN,14725
1967,NaN,NaN,NaN,NaN,NaN,NaN,0.0497,96.47,2.92,1.017421603,5.33,0.055,0.237271256,0.030268477,0.036350056,0.547842402,NaN,-0.029429975,0.187571256,0.032495701,0.011348998,0.237271256,0.087755701,0.068706141,0.068216078,0.525792445,0.0497,0.0619,0.0693,0.0556,0.014361073,0.032806804,0.114686668,-0.091765265,-0.049505868,0.006989393,0.002952225,0.038954866,0.239615227,0.201047817,NaN,15198
1968,NaN,NaN,NaN,NaN,NaN,NaN,0.0596,103.86,3.07,1.051369863,5.76,0.055,0.10842749,0.029559022,0.031823365,0.532986111,NaN,-0.036628941,0.04882749,0.022279005,-0.062843579,0.10842749,0.077739005,-0.00237215,0.063599718,0.504900662,0.0596,0.0645,0.0723,0.0598,0.031961491,0.047058824,0.208640626,-0.002573778,0.025739132,0.007399449,0.002347561,0.038986006,0.108266274,0.074331613,NaN,15729
1969,NaN,NaN,NaN,NaN,NaN,NaN,0.0782,92.06,3.16,1.029315961,5.78,0.063,-0.083188908,0.03432544,0.030425573,0.546712803,NaN,-0.025948067,-0.161388908,-0.031391152,-0.024852407,-0.083188908,0.027048848,0.034876165,0.080797804,0.651082013,0.0782,0.0772,0.0865,0.0687,0.034273783,0.058988764,0.313951314,-0.050736015,-0.080904314,0.010015449,0.000822252,0.039124896,-0.083186742,-0.113055244,NaN,16100
1970,NaN,NaN,NaN,NaN,NaN,NaN,0.0487,92.15,3.14,0.993670886,5.13,0.056,0.035085814,0.034074878,0.03410819,0.61208577,NaN,-0.030475915,-0.013614186,-0.065468727,0.025758844,0.035085814,-0.008368727,0.080530272,0.083691222,0.646426358,0.0487,0.0764,0.0912,0.0648,0.031468174,0.055702918,0.222884141,0.121021807,0.18371379,0.023043477,0.001512501,0.035517277,0.039870726,0.001636889,NaN,16642
1971,NaN,NaN,NaN,NaN,NaN,NaN,0.0401,102.09,3.07,0.977707006,5.7,0.056,0.141182854,0.030071506,0.033315247,0.538596491,NaN,-0.046128653,0.101082854,0.000207249,0.008809226,0.141182854,0.058447249,0.06529494,0.097740069,0.643900247,0.0401,0.0725,0.0838,0.0597,0.034023359,0.032663317,0.287447328,0.132367216,0.11012586,0.010461722,0.00225388,0.035788594,0.144509656,0.109119481,NaN,17190
1972,NaN,NaN,NaN,NaN,NaN,NaN,0.0507,118.05,3.15,1.026058632,6.42,0.054,0.187187775,0.026683609,0.030855128,0.490654206,NaN,-0.047377517,0.136487775,0.018568647,-0.009469367,0.187187775,0.077488647,0.054259204,0.104568403,0.595674595,0.0507,0.0708,0.0793,0.0599,0.034203484,0.03406326,0.311294897,0.056824421,0.072597518,0.006361573,0.000311447,0.038365607,0.191170995,0.157628575,NaN,17820
1973,NaN,NaN,NaN,NaN,NaN,NaN,0.0745,97.55,3.38,1.073015873,8.16,0.084,-0.145023295,0.034648898,0.028631936,0.414215686,NaN,-0.048218838,-0.219523295,-0.03518121,-0.020185487,-0.145023295,0.02573879,0.053500227,0.093941228,0.755588463,0.0745,0.0768,0.0848,0.0726,0.013007395,0.089411765,0.333083765,-0.011103879,0.011394965,0.025068591,-0.000640199,0.040389922,-0.147965985,-0.174878956,NaN,18722
1974,NaN,NaN,NaN,NaN,NaN,NaN,0.0715,68.56,3.6,1.065088757,8.89,0.13,-0.260276781,0.052508751,0.036904152,0.404949381,NaN,-0.026228576,-0.331776781,0.00334999,0.034018486,-0.260276781,0.06752999,0.119189915,0.131907472,1.120018175,0.0715,0.0889,0.1063,0.076,0.008773308,0.120950324,0.163064474,0.043426493,-0.030617513,0.048042913,-0.000830488,0.036548406,-0.264261677,-0.296619228,NaN,18345
1975,NaN,NaN,NaN,NaN,NaN,NaN,0.0544,90.19,3.68,1.022222222,7.96,0.088,0.369165694,0.04080275,0.053675613,0.462311558,NaN,-0.026549209,0.314765694,0.082000333,0.058991186,0.369165694,0.155960333,0.149448329,0.169046686,0.876338851,0.0544,0.0879,0.1056,0.0805,0.023709429,0.071290944,0.202599873,0.091868877,0.146442563,0.024263499,-0.000465116,0.032832153,0.369624806,0.3136594,0.0788067,18615
1976,NaN,NaN,NaN,NaN,NaN,NaN,0.0435,107.46,4.05,1.100543478,9.91,0.092,0.236389844,0.037688442,0.0449052,0.408678103,NaN,-0.018775767,0.192889844,0.051028098,0.031777797,0.236389844,0.145088098,0.125806368,0.14300408,0.779973125,0.0435,0.0798,0.0912,0.0721,0.028565706,0.050359712,0.207928029,0.16764511,0.186468694,0.012467234,-0.001122704,0.034114296,0.239159837,0.191175251,0.08262204,19003
1977,NaN,NaN,NaN,NaN,NaN,NaN,0.0607,95.1,4.67,1.15308642,10.89,0.115,-0.071561511,0.049106204,0.043458031,0.428833792,NaN,-0.012590127,-0.132261511,-0.018943447,0.023239657,-0.071561511,0.088116553,0.123911086,0.136920624,0.960333025,0.0607,0.0819,0.0899,0.0803,0.030475541,0.066780822,0.218935901,-0.006988548,0.017097783,0.008259721,-0.00183389,0.036956637,-0.074266055,-0.116925128,0.08205684,19402
1978,NaN,NaN,NaN,NaN,NaN,NaN,0.0908,96.11,5.07,1.085653105,12.33,0.128,0.063932702,0.052752055,0.053312303,0.411192214,NaN,-0.011248667,-0.026867298,0.032363249,0.039142969,0.063932702,0.143163249,0.142657255,0.168908497,1.045701296,0.0908,0.0916,0.0994,0.0898,0.014874873,0.08988764,0.219449153,-0.01165869,-0.000703563,0.015801217,-0.001548154,0.041014551,0.064114882,0.009448029,0.08311001,20081
1979,NaN,NaN,NaN,NaN,NaN,NaN,0.1204,107.94,5.65,1.114398422,14.86,0.138,0.181874935,0.052343895,0.058786807,0.380215343,NaN,-0.006940056,0.061474935,0.064361282,0.077205674,0.181874935,0.175001282,0.177891388,0.160965699,1.061950068,0.1204,0.1074,0.1206,0.1012,0.010549299,0.132547865,0.220056739,-0.012503116,-0.042004106,0.01182307,-0.000371131,0.040554069,0.18587755,0.122834994,0.09481804,20250
1980,0.1051066,-0.008546697,0.0448045,0.0603021,0.1536681,-0.011213956,0.1549,135.76,6.16,1.090265487,14.82,0.109,0.314804521,0.04537419,0.057068742,0.415654521,-0.009245729,-0.005551179,0.159904521,0.04787863,0.087008368,0.314804521,0.15055863,0.178394082,0.170810464,0.891503024,0.1549,0.1321,0.1514,0.1199,0.026816359,0.123537061,0.278024289,-0.039529864,-0.02756526,0.027341856,0.001020158,0.037852348,0.325901839,0.259840596,0.1193534,20155
1981,0.10387,-0.009783297,0.0472863,0.0565838,0.1529954,-0.011886656,0.1085,122.55,6.63,1.076298701,15.36,0.125,-0.048467885,0.054100367,0.048836181,0.431640625,-0.006463836,0.003154341,-0.156967885,0.063812052,0.064015495,-0.048467885,0.149712052,0.141515495,0.150770461,1.061142857,0.1085,0.1423,0.1655,0.1334,0.011909673,0.08912037,0.362175137,0.018569706,-0.012361932,0.018130824,-0.001279466,0.039057405,-0.048638944,-0.096532793,0.1298969,20454
1982,0.1048769,-0.008776397,0.0492001,0.0556768,0.1551892,-0.009692856,0.0794,140.64,6.87,1.036199095,12.64,0.09,0.203671971,0.048848123,0.056058752,0.543512658,-0.005520938,0.007129844,0.124271971,0.121224387,0.098252104,0.203671971,0.196484387,0.171780676,0.163094779,0.932214727,0.0794,0.1183,0.1414,0.1095,0.002990054,0.038257173,0.364753903,0.403503691,0.425618993,0.033440923,-0.001346349,0.033227863,0.221405849,0.153918596,0.1389312,20686
1983,0.1042576,-0.009395697,0.0487641,0.0554934,0.1546986,-0.010183456,0.09,164.93,7.09,1.03202329,14.03,0.085,0.223122867,0.042987934,0.0504124,0.505345688,0.015019008,0.023449983,0.133122867,0.096160876,0.114212245,0.223122867,0.167080876,0.187297959,0.147194041,0.700359118,0.09,0.1257,0.1375,0.1197,0.02702048,0.037871034,0.430007753,0.006519063,0.062585764,0.017870773,-0.001693727,0.035578786,0.222868403,0.170181635,0.1789888,21214
1984,0.1071126,-0.006540697,0.0497995,0.0573131,0.1570568,-0.007825256,0.0806,167.24,7.53,1.062059238,16.64,0.099,0.059661675,0.045025114,0.045655733,0.452524038,0.022499859,0.014439567,-0.020938325,0.086073978,0.081083139,0.059661675,0.155133978,0.150940282,0.159528172,0.733098377,0.0806,0.1213,0.134,0.117,-0.027196787,0.040433925,0.170737412,0.15492498,0.168601577,0.01625091,-0.001127664,0.038910092,0.066899078,0.01839496,0.2363767,22479
1985,0.1149478,0.001294503,0.0536266,0.0613212,0.1674485,0.002566444,0.071,211.28,7.9,1.049136786,14.61,0.069,0.310571634,0.03739114,0.047237503,0.54072553,0.034037988,0.02451248,0.239571634,0.137460235,0.121118916,0.310571634,0.205660235,0.185276059,0.173458677,0.592692688,0.071,0.1016,0.1158,0.0956,-0.019465082,0.037914692,0.176455391,0.30971145,0.300908898,0.010517816,-0.001721356,0.037882163,0.31979426,0.266198131,0.2964694,22961
1986,0.1190948,0.005441503,0.0559888,0.063106,0.1731829,0.008300844,0.0553,242.17,8.28,1.048101266,14.48,0.06,0.18539379,0.034190858,0.039189701,0.571823204,0.020952203,0.012203221,0.13009379,0.069789734,0.092912181,0.18539379,0.137269734,0.151526467,0.175160485,0.498430866,0.0553,0.0849,0.0997,0.0789,-0.011379026,0.011872146,0.164734155,0.245212379,0.198474773,0.021676364,-0.002240325,0.034671721,0.180660035,0.138703149,0.3961754,23632
1987,0.1195592,0.005905903,0.0577234,0.0618358,0.1744285,0.009546444,0.0577,247.08,8.81,1.064009662,17.5,0.071,0.056654416,0.035656468,0.036379403,0.503428571,0.016976221,0.023271214,-0.001045584,0.095633398,0.084159344,0.056654416,0.160193398,0.139245058,0.183325963,0.508812016,0.0577,0.1011,0.1129,0.092,0.013274756,0.0433213,0.150406825,-0.027165685,-0.002675911,0.103327033,-0.00270069,0.034289296,0.051557898,0.016420105,0.5211128,23929
1988,0.1170928,0.003439503,0.057656,0.0594368,0.1705053,0.005623244,0.0807,277.72,9.73,1.104426788,23.75,0.086,0.163388376,0.035035287,0.039379958,0.409684211,0.020850857,0.023086374,0.082688376,0.104267412,0.078146301,0.163388376,0.163727412,0.132989158,0.196007933,0.465283574,0.0807,0.0957,0.1065,0.0918,-0.021405748,0.044117647,0.114644401,0.096665852,0.107041209,0.029262115,-0.002291317,0.034627534,0.169617622,0.120568113,0.4642216,24825
1989,0.1172566,0.003603303,0.0589424,0.0583143,0.1698132,0.004931144,0.0763,353.4,11.05,1.135662898,22.87,0.065,0.312292957,0.031267685,0.039788276,0.483165719,0.021175433,0.028945253,0.235992957,0.101494523,0.11200974,0.312292957,0.150934523,0.162666883,0.174865719,0.390454744,0.0763,0.0886,0.0982,0.0816,-0.012323107,0.046396023,0.097787238,0.180974998,0.162313634,0.017239006,-0.002928834,0.034781411,0.313714591,0.267520522,0.3820985,25340
1990,0.1162918,0.002638503,0.0610046,0.0552872,0.1693517,0.004469644,0.0674,330.22,12.09,1.094117647,21.34,0.065,-0.031380872,0.036611956,0.034210526,0.566541706,0.022607846,0.034988427,-0.098780872,0.045668554,0.103686135,-0.031380872,0.091048554,0.150457564,0.138965876,0.48449686,0.0674,0.0905,0.1043,0.0844,-0.001841458,0.062549485,0.078345326,0.0616925,0.067827349,0.025450332,-0.002338233,0.032934468,-0.031922098,-0.066185682,0.3688044,25556
1991,0.1139117,0.000258403,0.0619081,0.0520037,0.1678338,0.002951744,0.0407,417.09,12.2,1.009098428,15.97,0.038,0.300012113,0.029250282,0.036945067,0.763932373,0.006384445,0.028251353,0.259312113,0.129371219,0.157711021,0.300012113,0.171551219,0.202225307,0.123276257,0.420344417,0.0407,0.0831,0.0926,0.073,0.031565402,0.029806259,0.152766953,0.1926494,0.198889668,0.020679706,-0.001253216,0.030481191,0.306716848,0.265983041,0.338656,25394
1992,0.1065017,-0.007151597,0.0589142,0.0475876,0.1595365,-0.005345556,0.0322,435.71,12.38,1.014754098,19.09,0.044,0.074324486,0.028413394,0.029681843,0.648507072,0.002287529,0.019115557,0.042124486,0.113054341,0.154877795,0.074324486,0.156914341,0.199849224,0.121905554,0.394109614,0.0322,0.0798,0.0881,0.0726,0.038733124,0.029667149,0.150194882,0.080535796,0.093934337,0.009422495,-0.001111524,0.032395171,0.077210467,0.045915917,0.3578026,26134
1993,0.1040531,-0.009600197,0.0570637,0.0469895,0.1567239,-0.008158156,0.0306,466.45,12.58,1.016155089,21.89,0.047,0.099423929,0.026969664,0.028872415,0.57469164,0.014654266,0.030206325,0.068823929,0.16050811,0.171265448,0.099423929,0.20824811,0.219065448,0.124663331,0.305267223,0.0306,0.0693,0.0769,0.0654,0.045748758,0.028109628,0.144115072,0.182345818,0.13185004,0.007417782,-0.001012497,0.034182489,0.098911171,0.068581435,0.4345926,26217
1994,0.1055117,-0.008141597,0.0556383,0.0498735,0.1586963,-0.006185756,0.056,459.27,13.18,1.047694754,30.6,0.067,0.012863115,0.028697716,0.028255976,0.430718954,0.029778011,0.040673675,-0.043136885,0.19463923,0.140288002,0.012863115,0.24503923,0.191959431,0.120406734,0.2915683,0.056,0.0846,0.091,0.0799,0.016594757,0.025974026,0.120390285,-0.077770776,-0.057610696,0.009652239,-0.000576007,0.036079627,0.013606584,-0.014877025,0.4860149,26610
1995,0.1111449,-0.002508397,0.056642,0.0545029,0.1645796,-0.000302456,0.0514,615.93,13.79,1.046282246,33.96,0.055,0.371132449,0.022388908,0.030025911,0.40606596,0.02513309,0.03703272,0.319732449,0.234634218,0.127106819,0.371132449,0.284234218,0.173192534,0.13234534,0.255026383,0.0514,0.0682,0.0749,0.0603,0.015641026,0.025316456,0.12124072,0.316564929,0.272042355,0.006427276,-0.000146604,0.03706799,0.376646475,0.34256163,0.5777033,27180
1996,0.1132075,-0.000445797,0.0560491,0.0571584,0.1662842,0.001402144,0.0491,740.74,14.9,1.080493111,38.73,0.052,0.226827724,0.02011502,0.024191061,0.384714691,0.026456963,0.040262248,0.177727724,0.14108409,0.048351284,0.226827724,0.19194409,0.088794141,0.105988307,0.20734273,0.0491,0.072,0.0789,0.0673,0.024100872,0.033788174,0.198665864,-0.009184554,0.01401567,0.014077528,-0.000396755,0.039387816,0.232178203,0.205370245,0.751851,27718
1997,0.1134129,-0.000240397,0.0561702,0.0572427,0.1665116,0.001629544,0.0516,970.43,15.49,1.039597315,39.72,0.041,0.330993331,0.015961996,0.020911521,0.389979859,0.017864243,0.031194286,0.279393331,0.078457512,0.062184993,0.330993331,0.122877512,0.096899278,0.05662554,0.178800884,0.0516,0.0676,0.0732,0.0602,0.015578728,0.016970459,0.142700117,0.158659371,0.129494216,0.033199876,-0.000888779,0.041289035,0.336078126,0.312675327,0.9450075,28396
1998,0.1119012,-0.001752097,0.0549157,0.0569855,0.1634426,-0.001439456,0.0439,1229.23,16.2,1.045836023,37.71,0.031,0.283379533,0.013178982,0.016693631,0.429594272,0.00120514,0.015123008,0.239479533,-0.023732413,0.034488488,0.283379533,0.012747587,0.064959917,0.05065518,0.173611315,0.0439,0.0622,0.0723,0.0542,0.020063152,0.016069221,0.120658603,0.130704037,0.10755564,0.041258302,-0.001033873,0.042801025,0.2930113,0.273920846,1.188336,29723
1999,0.1147385,0.001085203,0.0554716,0.0592668,0.1663188,0.001436744,0.052,1469.25,16.69,1.030246914,48.17,0.033,0.208838053,0.011359537,0.013577605,0.346481212,-0.000852168,0.006686578,0.156838053,-0.016715583,0.00162638,0.208838053,0.012784417,0.031383523,0.03939113,0.147167259,0.052,0.0755,0.0819,0.0682,0.017962181,0.02676399,0.13845605,-0.089898841,-0.074542595,0.032677807,0.000064278,0.042943731,0.213522706,0.197944485,1.611125,30351
2000,0.1178731,0.004219803,0.0564913,0.0613818,0.167961,0.003078944,0.0577,1320.28,16.27,0.974835231,50,0.038,-0.09031819,0.012323144,0.011073677,0.3254,-0.004579916,0.012294125,-0.14801819,-0.030979634,-0.005403859,-0.09031819,-0.007499634,0.023853284,0.023736273,0.151851504,0.0577,0.0721,0.0802,0.0558,-0.002250628,0.03436019,0.140989561,0.214934372,0.128545365,0.049216676,-0.000524853,0.043168352,-0.0850694,-0.095457481,2.368826,31523
2001,0.1239228,0.010269503,0.0580172,0.0659055,0.1742021,0.009320044,0.0169,1148.08,15.74,0.967424708,24.69,0.022,-0.118505166,0.013709846,0.011921714,0.637505063,0.008942927,0.011622582,-0.135405166,0.000512959,0.019291319,-0.118505166,0.020232959,0.044591319,0.044504744,0.131217846,0.0169,0.0677,0.0805,0.0575,0.013466976,0.016036655,0.086543116,0.037027522,0.106366572,0.045605684,-0.001336167,0.037603251,-0.119099718,-0.13069199,2.411726,32075
2002,0.1237762,0.010122903,0.0581035,0.0656727,0.1731626,0.008280544,0.0119,879.82,16.077,1.021410419,27.59,0.031,-0.219656296,0.018273056,0.01400338,0.582711127,0.012347751,0.002201271,-0.231556296,0.049119269,-0.013625869,-0.219656296,0.075159269,0.009302702,0.081092371,0.295385896,0.0119,0.0621,0.0745,0.0484,0.025698438,0.024802706,0.082027658,0.178413928,0.166415175,0.067692227,-0.004144305,0.034160503,-0.217776499,-0.230561456,1.740606,32754
2003,0.1224068,0.008753503,0.0583128,0.064094,0.1698261,0.004944044,0.009,1111.92,17.385,1.081358462,48.74,0.044,0.283563683,0.015635118,0.019759724,0.356688551,0.009034281,-0.00996727,0.274563683,0.100400139,0.056432033,0.283563683,0.130060139,0.077732033,0.110667413,0.218739865,0.009,0.0562,0.066,0.0515,0.006945692,0.020352035,0.072423089,0.008959396,0.052725551,0.029260841,NaN,0.034960203,0.286921495,0.263896044,1.448938,33345
2004,0.1217972,0.008143903,0.0588848,0.0629124,0.1681647,0.003282644,0.0219,1211.92,19.44,1.118205349,58.55,0.048,0.1074178,0.016040663,0.017483272,0.332023911,-0.01087187,-0.020909955,0.0855178,-0.027677694,0.038181639,0.1074178,0.000242306,0.058395924,0.088187802,0.270619243,0.0219,0.0547,0.0615,0.0484,0.013000232,0.033423181,0.078297462,0.084973184,0.087211543,0.012291436,NaN,0.035655687,0.10969037,0.087381828,1.442168,34224
2005,0.1254726,0.011819303,0.0633563,0.0621163,0.1722999,0.007417844,0.0389,1248.29,22.22,1.143004115,69.93,0.056,0.048344775,0.017800351,0.018334544,0.317746318,-0.011574107,-0.01083968,0.009444775,0.006988549,0.028947634,0.048344775,0.030628549,0.046047634,NaN,0.313477957,0.0389,0.0537,0.0632,0.0461,0.003079044,0.033385498,0.051071208,0.078075593,0.058722731,0.010540529,NaN,0.035856786,0.052073556,0.032872336,1.725969,34428
2006,0.1270844,0.013431103,0.0672685,0.0598159,0.1741662,0.009284144,0.0485,1418.3,24.881,1.119756976,81.51,0.057,0.156126381,0.017542833,0.019932067,0.305250889,-0.017935935,-0.010483529,0.107626381,0.034461779,0.050198876,0.156126381,0.050601779,0.061841733,NaN,0.2816824,0.0485,0.0532,0.0622,0.0491,-0.01495576,0.025239778,0.049123339,0.011759539,0.032355359,0.010061516,NaN,0.036616963,0.156784613,0.135069788,2.055818,35461
2007,0.1304513,0.016798003,0.0706736,0.0597778,0.1792835,0.014401444,0.03,1468.36,27.731,1.114545235,66.18,0.045,0.054848058,0.018885696,0.019552281,0.419023874,-0.019704861,-0.009914055,0.024848058,0.017112457,0.080516015,0.054848058,0.023572457,0.0853303,NaN,0.250582973,0.03,0.0549,0.0665,0.045,-0.041659672,0.041088134,0.077726497,0.098927963,0.025890017,0.025359755,NaN,0.037397836,0.057189851,0.037265859,2.546159,35870
2008,0.1284632,0.014809903,0.0696321,0.058831,0.1774445,0.012562444,0.0003,903.25,28.387,1.023655836,14.88,0.016,-0.365525484,0.031427622,0.019332453,1.907728495,0.00529466,0.005334521,-0.365825484,0.043783539,0.096244037,-0.365525484,0.044383539,0.096815466,NaN,0.354984225,0.0003,0.0505,0.0843,0.0303,-0.024870608,-0.00022228,0.217403737,0.258617706,0.087896464,0.168488655,NaN,0.032566072,-0.364580363,-0.379592641,3.135934,36082
2009,0.1228667,0.009213403,0.0668548,0.0560119,0.1743644,0.009482344,0.0005,1115.1,22.407,0.789340191,50.97,0.046,0.259349017,0.020094162,0.024807086,0.439611536,-0.00410758,-0.024469657,0.258849017,0.180917906,0.15014887,0.259349017,0.181597906,0.151006013,NaN,0.32553066,0.0005,0.0526,0.0637,0.0458,0.010540359,0.028141231,0.197135238,-0.148982727,0.030012264,0.074395719,NaN,0.028039872,0.264807457,0.232915333,2.853784,35620
2010,0.1133711,-0.000282197,0.0617735,0.0515976,0.1645992,-0.000282856,0.0014,1257.64,22.73,1.014415138,77.35,0.062,0.148210923,0.018073535,0.020383822,0.293859082,-0.010848352,-0.032805835,0.146810923,0.156136946,NaN,0.148210923,0.156776946,NaN,NaN,0.358100317,0.0014,0.0502,0.061,0.0414,0.012555027,0.01437793,0.129701667,0.10143661,0.124387394,0.032532488,NaN,0.029875707,0.151523076,0.126974736,2.354985,35684
2011,0.1064652,-0.007188097,0.0557898,0.0506754,0.1580136,-0.006868456,0.0001,1257.6,26.425,1.162560493,86.95,0.069,0.020979772,0.021012246,0.021011577,0.303910293,-0.002149278,-0.022715937,0.020879772,0.12907643,NaN,0.020979772,0.12989643,NaN,NaN,0.357232541,0.0001,0.0393,0.0525,0.0248,-0.006504662,0.030620668,0.128186243,0.270962454,0.179396406,0.053954722,NaN,0.031879495,0.018240163,-0.002837564,2.509498,36299
2012,0.1011441,-0.012509197,0.0513642,0.0497799,0.1525734,-0.012308656,0.0007,1426.19,31.247,1.182478713,86.51,0.061,0.158903467,0.021909423,0.024846533,0.361195238,-0.011731836,-0.036674848,0.158203467,NaN,NaN,0.158903467,NaN,NaN,NaN,0.349032443,0.0007,0.0365,0.0463,0.0241,-0.012265589,0.017819499,0.116498101,0.034386179,0.106748469,0.016176596,NaN,0.032558467,0.160382086,0.133663076,2.292477,37164
2013,0.1017198,-0.011933497,0.0494602,0.0522596,0.1545745,-0.010307556,0.0007,1848.36,34.99,1.1197875,100.2,0.054,0.320546351,0.018930295,0.024533898,0.349201597,-0.017586515,-0.031243867,0.319846351,NaN,NaN,0.320546351,NaN,NaN,NaN,0.304408126,0.0007,0.0462,0.0538,0.0367,0.012183503,0.015457989,0.128662278,-0.127860884,-0.070794925,0.012483024,NaN,0.032936383,0.324915053,0.296942154,1.969712,36388
2014,0.1003743,-0.013278997,0.0472634,0.053111,0.1533328,-0.011549256,0.0003,2058.9,39.44,1.127179194,102.31,0.05,0.135244216,0.01915586,0.021337835,0.385495064,-0.032324749,-0.037191159,0.134944216,NaN,NaN,0.135244216,NaN,NaN,NaN,0.323755672,0.0003,0.0379,0.0474,0.024,0.005642457,0.006885334,0.10932131,0.247417149,0.172740669,0.012929451,NaN,0.033619867,0.135405739,0.112270798,2.097403,37373
2015,0.10048,-0.013173297,0.0459486,0.0545325,0.15352,-0.011362056,0.0023,2043.94,43.39,1.10015213,86.53,0.042,0.013808344,0.021228607,0.02107436,0.501444586,-0.0405,-0.0446706,0.011508344,NaN,NaN,0.013808344,NaN,NaN,NaN,0.313648814,0.0023,0.0397,0.0546,0.0243,-0.021606187,0.006669091,0.10325317,-0.006406586,-0.010095966,0.023910466,NaN,0.032991425,0.014586806,-0.007057506,2.306709266,38368
